id,first_name,last_name,email,gender,ip_address
5610911132862359,Codie,Ciccarelli,cciccarelli0@washington.edu,Female,44.28.18.56
374283391598760,Irv,Smeall,ismeall1@bing.com,Male,101.24.160.183
3544420133832268,Theo,Dimitriou,tdimitriou2@intel.com,Female,243.88.74.17
3576384515546527,Alfreda,Traske,atraske3@ft.com,Female,42.160.45.65
3563816964882510,Charlie,Chaikovski,cchaikovski4@nature.com,Male,7.215.64.244
5596369622236055,Lonee,Dodgshun,ldodgshun5@biblegateway.com,Female,212.211.193.32
6392535705528410,Magdaia,Coy,mcoy6@shutterfly.com,Female,122.25.93.252
501804067698266909,Vergil,Keford,vkeford7@fc2.com,Male,79.106.103.238
3535511130045614,Carline,Synan,csynan8@de.vu,Female,147.104.204.33
6767742579147003028,Brion,Hamelyn,bhamelyn9@twitter.com,Male,223.175.136.117
5602217804866150024,Gretel,Cuffley,gcuffleya@marketwatch.com,Female,250.119.144.42
201672191290454,Terry,Guiden,tguidenb@stanford.edu,Female,193.52.220.7
50386464381227229,Ned,Bleythin,nbleythinc@discuz.net,Male,205.145.187.119
4026258619778133,Clarey,Hazart,chazartd@de.vu,Female,71.110.237.82
6334704173507402,Kelley,Davydzenko,kdavydzenkoe@princeton.edu,Male,250.219.203.209
3572289048429592,Herta,Gudgen,hgudgenf@reference.com,Female,96.14.18.81
372301336913928,Stacie,Bande,sbandeg@un.org,Female,115.169.134.109
3569708690394114,Lorant,Rockall,lrockallh@squarespace.com,Male,191.179.3.120
3544238440670704,Waiter,Reasce,wreascei@theguardian.com,Male,92.52.56.251
4041594257442587,Che,Allward,callwardj@dell.com,Male,90.130.246.35
373978389125770,Hobard,Beckmann,hbeckmannk@example.com,Male,206.215.114.218
3556822334187316,Laurette,Vogel,lvogell@abc.net.au,Female,238.222.74.90
4936442302355959195,Barth,Radage,bradagem@mapquest.com,Male,190.255.142.21
4041379338320220,Ervin,Langworthy,elangworthyn@uiuc.edu,Male,130.228.176.102
379370726716152,Stanford,Longman,slongmano@homestead.com,Male,147.250.204.130
3554520279730544,Cornell,Cordobes,ccordobesp@alibaba.com,Male,5.193.140.157
6373623348386264,Tom,Davidovici,tdavidoviciq@ning.com,Male,197.130.32.63
3532371974033298,Ezechiel,Derkes,ederkesr@chronoengine.com,Male,8.100.244.231
4236110525744,Hervey,Palfree,hpalfrees@shop-pro.jp,Male,89.223.95.54
4405625873000597,Quintin,Wyllie,qwylliet@salon.com,Male,44.129.113.51
30187094982252,Ingeborg,Madine,imadineu@cargocollective.com,Female,247.244.68.57
374288536146334,Stevena,Garraway,sgarrawayv@mac.com,Female,194.154.100.120
5641829906135534,Addy,Petkov,apetkovw@arstechnica.com,Male,208.49.1.13
5010120149767991,Pearline,Renachowski,prenachowskix@deviantart.com,Female,158.210.218.46
3563205982979963,Waldon,De Rye Barrett,wderyebarretty@nsw.gov.au,Male,132.122.38.234
3550485937995372,Cheston,Newtown,cnewtownz@vistaprint.com,Male,115.16.248.215
5602247543876977018,Nickolaus,Haithwaite,nhaithwaite10@kickstarter.com,Male,235.249.8.26
6763551974389351,Margalit,Jude,mjude11@ustream.tv,Female,96.130.233.252
560223465762176179,Twila,Hansod,thansod12@walmart.com,Female,207.83.160.169
6334957195674978,Nyssa,Argabrite,nargabrite13@sphinn.com,Female,71.48.247.42
3553065200488763,Quintin,Chiene,qchiene14@google.fr,Male,171.51.160.85
3558516077994643,Vaughan,Harrison,vharrison15@hp.com,Male,83.232.206.219
677182620131648057,Bearnard,Pownall,bpownall16@examiner.com,Male,90.181.91.44
5100171241148656,Jorge,Bayne,jbayne17@infoseek.co.jp,Male,0.82.88.212
3553262054823670,Nannette,Hayley,nhayley18@icio.us,Female,203.139.119.44
344864981497161,Patin,Davidde,pdavidde19@imgur.com,Male,81.121.172.35
374288994858156,Gunar,Maffei,gmaffei1a@google.es,Male,181.174.247.54
3571528811407561,Arvie,Chitter,achitter1b@posterous.com,Male,246.129.59.216
374288550523293,Wit,Loughhead,wloughhead1c@aboutads.info,Male,147.94.179.156
676199796297423049,Torey,Doody,tdoody1d@sfgate.com,Male,249.81.116.127
201425445318716,Hadlee,Tuberfield,htuberfield1e@macromedia.com,Male,227.180.16.198
3544315701433111,Verge,Northage,vnorthage1f@paginegialle.it,Male,72.148.189.181
3573633907760838,Jeniffer,Edland,jedland1g@ca.gov,Female,122.236.36.44
561086242923138594,Myrna,Ayliffe,mayliffe1h@howstuffworks.com,Female,31.183.210.53
3588881084986998,Peria,McClenan,pmcclenan1i@oakley.com,Female,226.202.117.99
560221420060280118,Igor,Portingale,iportingale1j@dell.com,Male,96.133.182.58
3552618017507034,Danyette,Feldstern,dfeldstern1k@sciencedaily.com,Female,156.48.94.190
201919422889749,Felice,Udden,fudden1l@phoca.cz,Male,217.170.247.12
6304410733956834,Hallsy,Clinton,hclinton1m@homestead.com,Male,197.28.68.132
677142669716240243,Yevette,Chandler,ychandler1n@va.gov,Female,58.65.148.236
5100171407936266,Scotti,Lantiff,slantiff1o@multiply.com,Male,6.14.69.149
3588551006319483,Lara,Emor,lemor1p@cloudflare.com,Female,144.218.63.124
5100148017153441,Kale,Ortler,kortler1q@livejournal.com,Male,233.214.41.109
5602242715410774,Aime,Linay,alinay1r@indiegogo.com,Female,19.7.230.125
490594844601533181,Prinz,Le Galle,plegalle1s@thetimes.co.uk,Male,72.10.70.186
201631435349674,Delphine,Olyet,dolyet1t@alibaba.com,Female,78.127.158.154
502087459342171989,Paule,Mafham,pmafham1u@auda.org.au,Female,247.217.102.194
201840597604384,Milt,Lifsey,mlifsey1v@techcrunch.com,Male,21.172.238.64
0604521871029661,Vonny,Faughey,vfaughey1w@unblog.fr,Female,216.28.0.71
3551080990112897,Hewitt,Syphus,hsyphus1x@cmu.edu,Male,241.25.48.96
6393976894048860,Siffre,Edgington,sedgington1y@bbb.org,Male,68.51.103.63
4917082121949350,Mikey,Champe,mchampe1z@ebay.com,Male,43.112.39.110
374288749710975,Gena,Guwer,gguwer20@google.it,Female,43.66.213.169
5038150292585777549,Harriott,Jedraszek,hjedraszek21@narod.ru,Female,86.226.70.232
201951332412726,Papagena,Morecombe,pmorecombe22@umich.edu,Female,255.15.255.169
633345062225383563,Dorree,Josifovic,djosifovic23@geocities.jp,Female,160.225.30.151
3557640016439154,Corissa,Loram,cloram24@wix.com,Female,47.146.146.77
3557919965702204,Albertine,Karlik,akarlik25@nps.gov,Female,102.236.165.112
5602228018759696152,Audi,Fussey,afussey26@patch.com,Female,80.120.2.199
4936237334732162200,Erinn,Beven,ebeven27@github.io,Female,136.239.95.148
36379274132055,Reagan,Jovey,rjovey28@java.com,Male,130.76.222.6
3573225728878020,Glyn,Corsar,gcorsar29@timesonline.co.uk,Male,46.161.181.81
3536757290694712,Thibaut,Mariet,tmariet2a@admin.ch,Male,12.168.96.21
6389439578403188,Quinton,Bonaire,qbonaire2b@fotki.com,Male,152.133.205.103
4026515610731712,Ciro,Lening,clening2c@utexas.edu,Male,241.77.155.113
5100139188041689,Sawyere,Pickerin,spickerin2d@usa.gov,Male,37.30.27.213
4913954052514094,Amber,Friedlos,afriedlos2e@gizmodo.com,Female,243.199.98.73
3535955110955039,Aldric,Grubb,agrubb2f@globo.com,Male,40.249.156.128
6304037747365668,Lem,Rodgman,lrodgman2g@europa.eu,Male,179.198.125.200
4508435159559100,Lenore,Scneider,lscneider2h@bbb.org,Female,63.165.38.59
630420313528436085,Beaufort,Blinde,bblinde2i@wikia.com,Male,177.93.38.205
4026200282649076,Siusan,Allsepp,sallsepp2j@boston.com,Female,7.241.223.5
3589667347083072,Amandie,Jervoise,ajervoise2k@si.edu,Female,210.187.89.216
561021236547807970,Zachery,Guillond,zguillond2l@chron.com,Male,119.84.43.243
374622947555685,Hoebart,Hawtin,hhawtin2m@is.gd,Male,91.221.82.112
5100149972498144,Payton,Girardini,pgirardini2n@dedecms.com,Male,161.238.131.198
3532365021165566,Dolly,Balf,dbalf2o@163.com,Female,217.49.81.69
372301901506974,Ciro,Pietruszka,cpietruszka2p@ucsd.edu,Male,152.64.164.60
3582373299333154,Sunshine,Victoria,svictoria2q@cpanel.net,Female,194.90.117.41
6376364741498771,Evin,Eldred,eeldred2r@ask.com,Male,117.4.45.161
3557372625477306,Justinian,Hebblewaite,jhebblewaite2s@virginia.edu,Male,209.118.37.68
5345448712830714,Mackenzie,Labdon,mlabdon2t@samsung.com,Male,48.226.189.65
676199431531300130,Demetris,Lathwell,dlathwell2u@hugedomains.com,Male,190.29.114.227
6706249512684287122,Elysee,Dauney,edauney2v@sakura.ne.jp,Female,93.251.31.155
3532509975075871,Dasie,Clemmett,dclemmett2w@mapy.cz,Female,56.198.240.26
4544158480106,Ninon,Cove,ncove2x@cdc.gov,Female,171.188.170.253
5602241673815875,Walden,Vernham,wvernham2y@printfriendly.com,Male,245.188.204.12
30389827745234,Odie,Saltwell,osaltwell2z@1und1.de,Male,21.101.244.95
3569377053995048,Vanny,Foystone,vfoystone30@t.co,Female,102.22.122.129
30573335750071,Welch,Body,wbody31@icq.com,Male,207.198.40.4
3561635567167695,Lyon,Ambler,lambler32@hao123.com,Male,136.49.58.55
5018166648023255758,Hettie,Welbrock,hwelbrock33@cbsnews.com,Female,48.106.201.102
3560685210413070,Kelsy,Sherel,ksherel34@soup.io,Female,156.173.126.74
3560471570295435,Timotheus,Georgeson,tgeorgeson35@histats.com,Male,64.2.123.217
3545794972497931,Loren,Readett,lreadett36@theglobeandmail.com,Female,215.23.29.101
5229093707536941,Dedra,Roebottom,droebottom37@omniture.com,Female,52.181.144.108
5100178146602745,Dalila,Dat,ddat38@google.com.br,Female,77.115.56.126
337941108303776,Danyelle,Seymark,dseymark39@ucsd.edu,Female,245.176.1.152
3535680023402602,Livy,Fernyhough,lfernyhough3a@blogs.com,Female,18.148.41.59
4405250054692953,Paddie,MacDermot,pmacdermot3b@wix.com,Male,79.92.34.117
3544010133159745,Irvine,Benthall,ibenthall3c@domainmarket.com,Male,7.154.124.112
30530836769901,Grazia,Bartolomeotti,gbartolomeotti3d@upenn.edu,Female,163.192.26.138
4844900472521403,Ellette,Whordley,ewhordley3e@usgs.gov,Female,94.238.244.56
3578144640386803,Wolfie,Mochan,wmochan3f@go.com,Male,204.20.15.212
63047194578417242,Lowe,Cratchley,lcratchley3g@artisteer.com,Male,249.223.103.127
63047927749747587,Vinny,Jacks,vjacks3h@census.gov,Female,231.164.92.89
4041590353348,Mitchell,Glencrosche,mglencrosche3i@ameblo.jp,Male,249.93.13.139
5893227799542348815,Gare,Mc Grath,gmcgrath3j@hp.com,Male,227.129.112.75
3531122899979300,Leeanne,Kellock,lkellock3k@imgur.com,Female,177.31.207.247
3536959154165173,Averil,Wasielewicz,awasielewicz3l@blogs.com,Male,71.226.130.128
3580053671091479,Christal,Simm,csimm3m@china.com.cn,Female,245.114.170.35
3532673827476602,Marlene,Smedley,msmedley3n@cpanel.net,Female,160.12.9.72
5108758873759560,Minetta,Bridson,mbridson3o@google.it,Female,189.228.247.5
6304143633755895,Nikita,Bastistini,nbastistini3p@globo.com,Male,79.75.56.79
5295606814649171,Alisa,Maceur,amaceur3q@blogtalkradio.com,Female,157.209.12.53
3565751984760644,Tiphany,Corkitt,tcorkitt3r@cbsnews.com,Female,243.204.188.53
3578402889212670,Mimi,McEntegart,mmcentegart3s@storify.com,Female,88.24.20.19
6386825269612074,Hirsch,Coch,hcoch3t@dion.ne.jp,Male,57.25.169.237
3568376878272832,Scottie,Spirritt,sspirritt3u@youku.com,Male,238.251.23.227
5602242864951933,Samson,Strapp,sstrapp3v@sourceforge.net,Male,98.85.210.200
3585227014676676,Andeee,Matzel,amatzel3w@livejournal.com,Female,118.156.118.204
4026303469109821,Fionnula,Graver,fgraver3x@globo.com,Female,128.108.105.61
374622532216677,Jammal,Ramsdale,jramsdale3y@free.fr,Male,60.218.14.216
56106247557345420,Alys,Grebbin,agrebbin3z@china.com.cn,Female,84.222.127.206
56022467825903153,Samantha,Plan,splan40@amazon.de,Female,187.161.124.242
3573753974944428,Pamella,Elham,pelham41@rediff.com,Female,242.157.218.36
3572050960263678,Mandy,Bellay,mbellay42@tinypic.com,Female,45.122.96.123
30594747007975,Arabella,Ianinotti,aianinotti43@stanford.edu,Female,55.60.175.172
337941952574290,Guss,Lafranconi,glafranconi44@ustream.tv,Male,147.167.81.52
56022477010226302,Cullan,Ewings,cewings45@boston.com,Male,237.7.133.218
5271695711086833,Corliss,Bonnin,cbonnin46@theglobeandmail.com,Female,235.113.73.170
5007663062573479,Wyndham,Posten,wposten47@hhs.gov,Male,234.191.85.101
3550323390639700,Paulette,Shilston,pshilston48@google.nl,Female,250.173.90.87
3570387920304875,Keriann,Tasker,ktasker49@mlb.com,Female,2.154.7.109
3530407765316138,Faulkner,Whitaker,fwhitaker4a@independent.co.uk,Male,30.246.69.51
3549456042758447,Reidar,Neaves,rneaves4b@squidoo.com,Male,138.136.253.227
3583548129182157,Charmian,Jurczak,cjurczak4c@ed.gov,Female,4.217.1.102
491100274810196890,Mari,O'Noulane,monoulane4d@newsvine.com,Female,160.33.90.201
4508096120852543,Quill,Collacombe,qcollacombe4e@is.gd,Male,176.230.116.45
3545544647612640,Goldina,Raoux,graoux4f@booking.com,Female,97.79.57.103
3585550819873358,Cornie,Ritchman,critchman4g@booking.com,Male,169.221.221.73
3577857454335910,Morissa,McCann,mmccann4h@myspace.com,Female,186.137.70.22
502096794201923370,Clyde,Percy,cpercy4i@themeforest.net,Male,24.57.197.103
5602227844788133,Annabella,Kolis,akolis4j@ustream.tv,Female,84.202.169.190
4026126635113306,Sheffield,Cearley,scearley4k@mashable.com,Male,231.190.69.107
3586168971031472,Ab,Kensy,akensy4l@oracle.com,Male,134.110.25.5
5100142777524685,Bogart,Trouel,btrouel4m@wufoo.com,Male,65.55.228.213
3532654700552636,Blaire,Boyd,bboyd4n@tiny.cc,Female,50.188.17.2
5296339539880025,Selig,Hindenburg,shindenburg4o@omniture.com,Male,233.192.214.95
4936798107574402509,Megan,Drewes,mdrewes4p@ucla.edu,Female,69.26.6.167
5319561050773890,Delmar,Rubenovic,drubenovic4q@google.co.jp,Male,155.196.106.252
3532871494611002,Steven,McCritichie,smccritichie4r@webnode.com,Male,15.136.215.111
3565003050542211,Alysa,Langcastle,alangcastle4s@epa.gov,Female,148.214.70.210
3586914643734203,Rawley,Trowl,rtrowl4t@myspace.com,Male,231.119.246.16
30371260455018,Genovera,Hendrichs,ghendrichs4u@ezinearticles.com,Female,39.251.191.93
3585651174292760,Ambrosius,Birch,abirch4v@vimeo.com,Male,231.102.54.176
3538721925447266,Horacio,Ellens,hellens4w@free.fr,Male,37.87.166.233
3537634482515923,Ninon,Jenkerson,njenkerson4x@reddit.com,Female,137.24.193.11
3569253452247317,Mycah,Grayshon,mgrayshon4y@xrea.com,Male,200.108.131.122
3574564477191592,Dina,Ryce,dryce4z@naver.com,Female,228.218.68.210
5610872875209309,Tiphanie,Branche,tbranche50@geocities.com,Female,151.43.244.96
670607079148344733,Tomasine,Jodkowski,tjodkowski51@comcast.net,Female,38.138.139.116
5002350988076705,Jocelyne,Tolchar,jtolchar52@ustream.tv,Female,72.235.159.167
630403639161222221,Yul,Rickasse,yrickasse53@netlog.com,Male,121.214.8.223
3528900132078625,Albie,Georgins,ageorgins54@baidu.com,Male,221.54.178.9
675998346840978720,Etheline,Paaso,epaaso55@diigo.com,Female,112.13.211.74
5610613369067880,Frank,Keggins,fkeggins56@yelp.com,Male,216.65.237.66
5108751073882324,Jesse,Booley,jbooley57@shareasale.com,Male,237.157.120.108
5602245946030493,Barr,St. Paul,bstpaul58@tinypic.com,Male,28.13.210.41
5447079959963962,Gabbie,Cromarty,gcromarty59@gov.uk,Female,158.255.136.12
4405219183501476,Tootsie,Crosthwaite,tcrosthwaite5a@flickr.com,Female,204.205.205.34
30560393333544,Albertine,Pankethman,apankethman5b@google.com.au,Female,25.133.79.251
3584229481771593,Ronny,Ferrarone,rferrarone5c@google.co.jp,Female,60.220.7.124
4936923426379941,Marla,Cosgry,mcosgry5d@bing.com,Female,150.84.179.41
3568260578308874,Queenie,Pardue,qpardue5e@chron.com,Female,254.78.23.190
4041599760404446,Cecil,Mayo,cmayo5f@xing.com,Female,119.114.199.227
30269265187109,Jack,Gopsill,jgopsill5g@webs.com,Male,214.172.115.18
4903092818666268250,Annadiane,Strase,astrase5h@noaa.gov,Female,68.99.12.115
374288113605751,Helsa,Dunkley,hdunkley5i@yellowbook.com,Female,165.161.215.210
3575845550953506,Delano,Willimont,dwillimont5j@toplist.cz,Male,143.202.143.161
4026271729241322,Delphinia,Aizik,daizik5k@hexun.com,Female,187.121.105.80
201428644098378,Sadella,Bawdon,sbawdon5l@tmall.com,Female,159.164.156.227
5002353656709722,Augy,Sirrell,asirrell5m@earthlink.net,Male,144.226.239.45
4026105790403025,Maire,Odger,modger5n@msn.com,Female,139.120.247.108
337941457958063,Henderson,Camilio,hcamilio5o@wisc.edu,Male,18.42.119.156
5002355274008767,Allix,Houseago,ahouseago5p@blogger.com,Female,178.99.71.103
4026394123361767,Candi,Doumerque,cdoumerque5q@admin.ch,Female,188.240.254.202
4017952858215,Muriel,Linskill,mlinskill5r@bigcartel.com,Female,205.73.247.98
5394966589399356,Hans,Davis,hdavis5s@zimbio.com,Male,214.189.99.109
4538640777022589,Mitchel,Wasmer,mwasmer5t@vistaprint.com,Male,251.252.118.163
4936858880898750046,Annecorinne,Swale,aswale5u@icio.us,Female,246.105.107.63
3575555329371712,Ange,Rayworth,arayworth5v@squidoo.com,Male,98.81.10.175
3546868984256466,Abrahan,Pietruszewicz,apietruszewicz5w@reddit.com,Male,91.151.186.242
3569409769374984,Dex,Roubeix,droubeix5x@istockphoto.com,Male,140.147.135.117
3552873506405147,Marcia,Kapiloff,mkapiloff5y@exblog.jp,Female,145.66.162.246
5100147478630525,Valera,Georgievski,vgeorgievski5z@imageshack.us,Female,206.149.225.154
4913650084429620,Tilda,Dishman,tdishman60@constantcontact.com,Female,76.79.128.108
4936018184007931,Donn,Garry,dgarry61@alibaba.com,Male,202.172.222.127
5189404535564781,Tessie,Winkell,twinkell62@google.cn,Female,23.72.235.185
3579604257661631,Tiphani,Curme,tcurme63@wikimedia.org,Female,225.55.44.10
3550989489789893,Shel,Beat,sbeat64@mashable.com,Female,155.20.22.21
376543508335051,Humberto,Talboy,htalboy65@cdbaby.com,Male,243.125.88.146
4405252756188074,Cecelia,Nelius,cnelius66@mysql.com,Female,2.244.199.55
3528068820577108,Noble,Krier,nkrier67@globo.com,Male,39.210.164.218
3561403120515854,Quintus,Peddar,qpeddar68@ucla.edu,Male,248.7.168.143
4936485533408096,Saleem,Nurse,snurse69@bandcamp.com,Male,65.59.45.130
347298818308720,Dahlia,Kearton,dkearton6a@huffingtonpost.com,Female,0.142.217.184
3566054371394104,Ravid,Swaffer,rswaffer6b@google.ru,Male,215.25.128.238
6333798221109093143,Kristan,Mansion,kmansion6c@hhs.gov,Female,184.152.109.57
3541177012475030,Collin,Whifen,cwhifen6d@skype.com,Male,227.35.79.144
30475000049120,Melisse,Milverton,mmilverton6e@deviantart.com,Female,28.102.240.253
30530300291176,Christie,Petrello,cpetrello6f@1und1.de,Female,206.8.63.119
4508855215923661,Mile,Braley,mbraley6g@lycos.com,Male,132.160.246.219
374063433426968,Haleigh,Foggarty,hfoggarty6h@about.com,Male,255.60.194.172
3530073338833858,Danella,Birt,dbirt6i@miibeian.gov.cn,Female,77.136.186.91
3579926954640513,Forrester,Anthoine,fanthoine6j@abc.net.au,Male,249.226.228.119
6759572117443356,Priscilla,Reijmers,preijmers6k@xinhuanet.com,Female,130.101.236.180
5602236324898320,Lammond,Ashbridge,lashbridge6l@fda.gov,Male,209.111.82.128
3538588731157722,Donall,Lackington,dlackington6m@rediff.com,Male,188.91.1.246
4405939635971759,Shaughn,Olenikov,solenikov6n@weibo.com,Male,139.8.0.118
6759941982728734050,Shirley,Scoterbosh,sscoterbosh6o@goo.gl,Female,87.125.203.34
4913156525346506,Riccardo,Coulter,rcoulter6p@feedburner.com,Male,23.141.2.225
3566260513009746,Yale,Goose,ygoose6q@netlog.com,Male,85.174.233.128
4405545866116970,Clotilda,Middleton,cmiddleton6r@twitter.com,Female,12.14.173.135
5597840640194574,Giusto,Hammonds,ghammonds6s@nsw.gov.au,Male,167.26.72.96
30498714821063,Ganny,Dikels,gdikels6t@gmpg.org,Male,175.116.235.198
4017953351368,Minette,Cossington,mcossington6u@baidu.com,Female,124.192.44.6
3531714440112181,Malinde,Lanyon,mlanyon6v@weibo.com,Female,192.58.61.109
5411735709184116,Dulcie,Huggons,dhuggons6w@ftc.gov,Female,247.107.13.191
3528391439482498,Janek,Jakeman,jjakeman6x@printfriendly.com,Male,95.127.97.69
6382197281636778,Leyla,Couling,lcouling6y@drupal.org,Female,169.231.145.1
5048375880165898,Sela,Adamson,sadamson6z@altervista.org,Female,81.105.211.103
3585138301766320,Mia,Dewicke,mdewicke70@virginia.edu,Female,233.217.116.33
490359977051486198,Cyndie,Paylie,cpaylie71@bluehost.com,Female,142.89.239.58
5108755173110189,Jane,Orehead,jorehead72@diigo.com,Female,146.154.143.18
3552897989334961,Melamie,Dransfield,mdransfield73@joomla.org,Female,195.178.165.119
3530019949563673,Leese,Hutson,lhutson74@bloglines.com,Female,107.173.251.98
376014577619932,Kassandra,Halpen,khalpen75@marketwatch.com,Female,5.94.221.254
5100179379240849,Jayme,Grist,jgrist76@sohu.com,Male,185.107.66.43
3573886018460991,Andria,McCurley,amccurley77@mayoclinic.com,Female,30.240.180.67
676791225746150518,Renelle,De Avenell,rdeavenell78@bigcartel.com,Female,104.237.20.77
4936161861215003,Corrine,Gallymore,cgallymore79@typepad.com,Female,174.103.23.69
6334533042924314490,Melisandra,Goodwill,mgoodwill7a@delicious.com,Female,210.202.216.43
3549996475236361,Mattie,Micheli,mmicheli7b@uiuc.edu,Male,58.230.10.34
3577581150914360,Lavina,Coplestone,lcoplestone7c@cnn.com,Female,137.30.42.215
4026110701583824,Konstantin,Cullum,kcullum7d@usa.gov,Male,215.173.164.100
676761812550448157,Sena,Salsbury,ssalsbury7e@com.com,Female,66.121.99.216
3542843502069448,Bran,Bramelt,bbramelt7f@dailymail.co.uk,Male,176.251.211.203
5610163050939278,Edouard,Challinor,echallinor7g@networkadvertising.org,Male,35.60.211.252
3571816950099764,Ludovika,Szepe,lszepe7h@delicious.com,Female,160.122.147.77
5002357724708707,Frants,Lanham,flanham7i@hhs.gov,Male,183.34.7.226
3565320423409591,Tiphanie,Tabrett,ttabrett7j@unc.edu,Female,206.208.193.35
5602221433351718,Zolly,Claris,zclaris7k@omniture.com,Male,180.43.109.85
372301081942882,Talyah,Featherstonhaugh,tfeatherstonhaugh7l@is.gd,Female,102.73.236.254
3533619466215313,Kelly,Campagne,kcampagne7m@multiply.com,Male,189.222.57.101
5610547995407559,Sebastien,Rodda,srodda7n@sfgate.com,Male,224.6.57.8
3540650005600823,Steffie,Tinsley,stinsley7o@sourceforge.net,Female,134.171.218.29
5007664451852854,Devora,Iorizzi,diorizzi7p@statcounter.com,Female,195.98.119.160
3541163813853732,Egor,Tenpenny,etenpenny7q@purevolume.com,Male,63.43.205.189
560222556274275839,Ede,Peggrem,epeggrem7r@exblog.jp,Female,137.26.4.12
3565035921344567,Darnall,McRoberts,dmcroberts7s@sphinn.com,Male,214.59.239.47
503803751662996313,Fredelia,Danielsohn,fdanielsohn7t@g.co,Female,16.13.112.192
5007668659718163,Owen,Gregoretti,ogregoretti7u@si.edu,Male,127.112.83.223
4917581234044371,Felicdad,Masarrat,fmasarrat7v@tuttocitta.it,Female,4.14.62.204
36659797208932,Simonette,Pocklington,spocklington7w@wikipedia.org,Female,72.205.1.177
3582202600421947,Griswold,Vidyapin,gvidyapin7x@mozilla.com,Male,72.181.56.206
6767849302402005048,Sharyl,Worsam,sworsam7y@yale.edu,Female,95.53.211.10
3586969832544326,Anstice,Lindblom,alindblom7z@fc2.com,Female,87.1.186.100
6706113602597161663,Danila,Fosh,dfosh80@paypal.com,Female,79.105.75.84
30188923076738,Francois,Gaine,fgaine81@hc360.com,Male,249.108.87.128
201980945052256,Orville,Mattek,omattek82@rakuten.co.jp,Male,106.179.3.77
3529862235894820,Caressa,Hundal,chundal83@4shared.com,Female,102.98.70.60
30030311561444,Eddy,Stormouth,estormouth84@stumbleupon.com,Female,45.142.230.237
5048379460688519,Lloyd,Methven,lmethven85@delicious.com,Male,98.185.244.153
3571870279673189,Brigitte,Joblin,bjoblin86@issuu.com,Female,78.212.38.121
6761407638411366,Nero,Rumbold,nrumbold87@walmart.com,Male,25.19.50.74
3547485057893817,Moshe,Lewisham,mlewisham88@fc2.com,Male,37.204.108.165
3530098975018778,Bobinette,Conklin,bconklin89@nbcnews.com,Female,43.150.111.43
4026957176186842,Siward,Krikorian,skrikorian8a@google.co.jp,Male,88.134.156.200
6397769250228259,Jeffie,Older,jolder8b@indiegogo.com,Male,238.59.122.217
58938690800306642,Dean,Charnick,dcharnick8c@github.com,Male,1.178.55.84
201703714041643,Storm,Burnhill,sburnhill8d@toplist.cz,Female,199.222.152.66
5597808317269771,Ethel,Chaytor,echaytor8e@usda.gov,Female,75.239.102.188
630453381400889366,Godart,Cafe,gcafe8f@patch.com,Male,223.0.153.152
30496761531429,Chrisse,Curzey,ccurzey8g@sohu.com,Male,128.89.142.107
4041592202394,Rozelle,Mariyushkin,rmariyushkin8h@earthlink.net,Female,48.101.248.13
503810115552755307,Olwen,Shead,oshead8i@geocities.jp,Female,185.4.134.122
6372502274296187,Fritz,Lowles,flowles8j@linkedin.com,Male,138.81.79.220
3563955665987119,Rogers,Creighton,rcreighton8k@github.com,Male,203.164.15.65
3536997377060508,Livia,Hantusch,lhantusch8l@zimbio.com,Female,26.19.115.240
4844934436724340,Elvyn,Mervyn,emervyn8m@ifeng.com,Male,59.172.33.235
374283376066908,Casey,McArt,cmcart8n@salon.com,Male,217.239.131.134
201856881037388,Udell,Doig,udoig8o@cloudflare.com,Male,101.180.196.251
491194325767149857,Deerdre,Peacham,dpeacham8p@arstechnica.com,Female,97.191.44.23
3586651761184148,Jacinta,Gynne,jgynne8q@washington.edu,Female,228.120.190.218
491108481438494167,Berne,Kees,bkees8r@hostgator.com,Male,196.144.199.7
3534009769740937,Errick,Spacy,espacy8s@symantec.com,Male,178.201.230.138
5511411051257608,Miguelita,Waddoups,mwaddoups8t@princeton.edu,Female,24.59.24.103
560225890318530512,Loutitia,Caris,lcaris8u@usgs.gov,Female,136.54.129.124
3550210946262311,Baxter,Bromont,bbromont8v@multiply.com,Male,29.244.130.142
5100142634919383,Anastasie,Begent,abegent8w@msn.com,Female,141.0.162.83
4936804374135610,Liana,Alennikov,lalennikov8x@washington.edu,Female,208.13.160.209
3529626566492516,Bianca,Inchboard,binchboard8y@shop-pro.jp,Female,238.234.205.112
676299902582659730,Pavla,Keysel,pkeysel8z@thetimes.co.uk,Female,44.27.203.39
3550684147993520,Chaim,Druce,cdruce90@domainmarket.com,Male,191.162.93.193
3569017197413280,Reine,Borleace,rborleace91@si.edu,Female,80.82.47.15
4917621781738098,Deerdre,Licciardiello,dlicciardiello92@hc360.com,Female,78.84.167.167
6761424118497559,Johnnie,Cupper,jcupper93@meetup.com,Male,132.96.198.151
3534851310172254,Nikki,Byers,nbyers94@yellowbook.com,Male,15.145.34.23
5002350307706727,Priscilla,Pech,ppech95@ca.gov,Female,23.244.188.16
30142661286058,Magnum,Riddington,mriddington96@constantcontact.com,Male,33.196.87.55
5602233197807728,Jocelyne,Vaudin,jvaudin97@usnews.com,Female,213.177.116.8
50184201287057415,Siusan,Patullo,spatullo98@domainmarket.com,Female,118.42.76.102
3564240328873710,Isabelita,Alliban,ialliban99@hexun.com,Female,194.90.126.119
6762132025135040894,Adena,Colyer,acolyer9a@google.cn,Female,59.11.21.123
3536841904642844,Dix,Seakes,dseakes9b@discovery.com,Female,149.126.200.194
3575992151912182,Raviv,Dobell,rdobell9c@usda.gov,Male,92.245.209.82
50185803107574666,Thorn,Gridley,tgridley9d@hibu.com,Male,227.104.214.177
3537952106649047,Doris,Paragreen,dparagreen9e@biglobe.ne.jp,Female,203.152.42.28
3533230899852647,Pauly,Dagger,pdagger9f@vistaprint.com,Female,12.87.168.155
5020424367207750831,Milissent,Paumier,mpaumier9g@cafepress.com,Female,219.162.15.45
4911051730061538215,Jacenta,Geram,jgeram9h@tripod.com,Female,20.181.207.225
4041597267293,Ingram,Smallthwaite,ismallthwaite9i@sciencedaily.com,Male,140.29.14.131
5007660873492949,Lotte,McGilvray,lmcgilvray9j@alexa.com,Female,38.180.146.152
3573684574188563,Stearne,Glacken,sglacken9k@vistaprint.com,Male,230.36.198.72
3560839810134632,Renelle,Jeaycock,rjeaycock9l@example.com,Female,170.181.242.7
4911484485513044,Drew,Longmore,dlongmore9m@bloglovin.com,Male,180.90.5.77
6331109521747334710,Erv,Illes,eilles9n@nyu.edu,Male,127.210.23.143
3530857214085363,Allistir,Cloney,acloney9o@bizjournals.com,Male,250.166.25.35
3541785289836757,Morris,Bakhrushin,mbakhrushin9p@pcworld.com,Male,13.111.220.95
630435765954058837,Ginni,Thireau,gthireau9q@upenn.edu,Female,2.211.49.184
5108754427236544,Tyrus,Stiven,tstiven9r@networksolutions.com,Male,64.162.11.215
3536694311728023,Reyna,Askham,raskham9s@time.com,Female,246.17.146.56
6759230591192441,Gigi,Tumilson,gtumilson9t@nature.com,Female,132.133.62.55
5298016811087507,Rozelle,Vispo,rvispo9u@buzzfeed.com,Female,195.28.213.69
3531261108296187,Sollie,Halworth,shalworth9v@oaic.gov.au,Male,71.232.191.8
3586783642691635,Farrell,Lahrs,flahrs9w@blog.com,Male,157.16.51.83
4041590612595887,Weston,McMurraya,wmcmurraya9x@angelfire.com,Male,118.21.97.57
6709952031101768094,Xena,Edling,xedling9y@reddit.com,Female,36.132.248.35
3577993850156467,Trudi,Othick,tothick9z@oaic.gov.au,Female,64.10.146.120
341115471921787,Hynda,Favel,hfavela0@zdnet.com,Female,2.91.88.110
3556797504415350,Galvin,Beardow,gbeardowa1@com.com,Male,85.89.41.80
201438017126177,Rooney,Slorach,rsloracha2@ezinearticles.com,Male,199.199.88.57
6771876109438656522,Devlin,Deyenhardt,ddeyenhardta3@blinklist.com,Male,5.121.223.102
3539213449647018,Sarita,Yakovitch,syakovitcha4@squarespace.com,Female,79.55.59.116
5164282860757488,Martelle,McCritchie,mmccritchiea5@myspace.com,Female,175.240.189.199
5602213112999693,Bernardine,Grimm,bgrimma6@hibu.com,Female,251.233.101.75
3549878429908784,Lock,Shimmans,lshimmansa7@tamu.edu,Male,207.180.71.201
6759804351896245271,Aharon,Loding,alodinga8@buzzfeed.com,Male,254.137.43.124
5147143454994030,Myrtle,Formby,mformbya9@apple.com,Female,198.6.109.151
374622037926697,Antonia,Rawling,arawlingaa@businessinsider.com,Female,109.36.140.244
3544840580660799,Franky,Aucutt,faucuttab@ed.gov,Male,161.152.199.42
4033894496253,Carl,Searles,csearlesac@cnet.com,Male,237.255.11.7
5602237107532797,Stanford,Dillow,sdillowad@umn.edu,Male,217.156.105.105
5007669678103791,Deva,Piggin,dpigginae@sakura.ne.jp,Female,154.195.221.154
4175009472920190,Hazel,Mixworthy,hmixworthyaf@icio.us,Male,250.55.141.48
36349262804833,Victoir,Sahlstrom,vsahlstromag@apple.com,Male,77.187.166.115
3556847818236222,Emory,Tuson,etusonah@wunderground.com,Male,192.103.141.112
490517768003516888,Christyna,Brimble,cbrimbleai@howstuffworks.com,Female,183.47.128.132
3566272752703756,Cristina,Casale,ccasaleaj@reddit.com,Female,206.251.43.241
5194949744753032,Hetti,Cleverly,hcleverlyak@tmall.com,Female,115.20.78.229
3562567587103344,Coralie,Wiggett,cwiggettal@addthis.com,Female,212.76.159.228
3572823522439071,Jessalin,Lymer,jlymeram@usatoday.com,Female,36.72.143.25
4905295927558993,Malissa,Ishaki,mishakian@geocities.com,Female,50.50.108.129
3546959942377229,Mimi,Rosterne,mrosterneao@ycombinator.com,Female,79.155.30.233
30125039260848,Leena,Shillabeer,lshillabeerap@oakley.com,Female,100.207.133.47
201664732709142,Klarrisa,Barkhouse,kbarkhouseaq@1und1.de,Female,183.81.232.0
3582625038861658,Kirsteni,Margrie,kmargriear@microsoft.com,Female,21.149.216.14
3557134205202177,Xever,Dunkerton,xdunkertonas@desdev.cn,Male,154.8.144.169
3548973737104811,Patti,Lanyon,planyonat@sina.com.cn,Female,6.15.156.62
3580905250787217,Daisie,Nosworthy,dnosworthyau@dot.gov,Female,192.118.97.232
3536825819121507,Ogden,Summerell,osummerellav@feedburner.com,Male,198.35.12.204
30370757496444,Malena,Swannell,mswannellaw@wired.com,Female,218.29.4.243
3558608383389897,Allister,Axleby,aaxlebyax@bing.com,Male,206.94.79.202
5602235895720269,Grazia,Benedyktowicz,gbenedyktowiczay@newsvine.com,Female,154.11.209.125
633390463362415404,Bride,Joscelyne,bjoscelyneaz@nature.com,Female,54.89.223.53
5018310749459568865,Risa,Muller,rmullerb0@rambler.ru,Female,120.35.71.51
201839368972749,Erinn,Glen,eglenb1@biblegateway.com,Female,45.146.233.224
4041592583926,Ailee,Raise,araiseb2@wsj.com,Female,97.57.106.27
5602233651571141,Maryanne,Askell,maskellb3@reuters.com,Female,175.84.171.183
5263026381001714,Jannel,Oury,jouryb4@japanpost.jp,Female,81.115.50.150
3572059247223629,Darin,Buddell,dbuddellb5@bigcartel.com,Male,218.197.67.211
3537665446225019,Meryl,Finnis,mfinnisb6@stanford.edu,Female,174.75.111.170
5100138596921664,Ichabod,Jelk,ijelkb7@friendfeed.com,Male,169.42.157.11
3583591612423266,Elizabet,Heditch,eheditchb8@php.net,Female,41.84.210.245
6759617548192103479,Loralee,Scallan,lscallanb9@lulu.com,Female,40.42.127.206
3550128243730873,Sauveur,Foskett,sfoskettba@pinterest.com,Male,76.86.143.42
5602240538682298,Lesya,Gowthorpe,lgowthorpebb@yahoo.co.jp,Female,243.229.51.144
201415444239815,Gae,Sinnatt,gsinnattbc@typepad.com,Female,110.47.16.3
4936751498796763074,Kath,MacQuaker,kmacquakerbd@netscape.com,Female,164.76.156.32
374283549387868,Catlin,Lamers,clamersbe@wunderground.com,Female,254.210.237.27
4905944464043379349,Matias,Beldum,mbeldumbf@feedburner.com,Male,139.246.82.199
5602215605882401,Thia,Lowmass,tlowmassbg@chron.com,Female,140.68.231.75
3547078346834419,Bev,Kruse,bkrusebh@squidoo.com,Male,7.84.138.68
3564511575723752,Kaile,Orris,korrisbi@un.org,Female,233.167.3.244
3566164806835892,Natala,Goulbourn,ngoulbournbj@jiathis.com,Female,3.235.200.159
3553235782626375,Donaugh,Claxton,dclaxtonbk@wiley.com,Male,12.183.168.52
3561239801042366,Thorn,Hindge,thindgebl@behance.net,Male,166.220.162.59
6762700421294547,Merrile,Fryatt,mfryattbm@narod.ru,Female,120.112.217.151
372301447258916,Dusty,Hedingham,dhedinghambn@a8.net,Female,201.109.46.10
3534508819104028,Welbie,MacGarvey,wmacgarveybo@biblegateway.com,Male,76.90.65.221
3571969878169639,Guthrey,Steedman,gsteedmanbp@yahoo.co.jp,Male,132.53.68.108
30255290345960,Rosette,Brockie,rbrockiebq@tamu.edu,Female,146.238.171.10
3531871051244842,Ericka,Chuter,echuterbr@dyndns.org,Female,40.80.143.121
3546320664975106,Judi,Dunne,jdunnebs@angelfire.com,Female,169.65.251.7
3550733317502577,Laural,Fattori,lfattoribt@facebook.com,Female,8.117.233.192
3586384562305924,Reese,Slowan,rslowanbu@wikispaces.com,Male,239.102.72.161
36321377673965,Phedra,Semiras,psemirasbv@usnews.com,Female,234.30.1.185
67621930005611997,Trixi,Burkman,tburkmanbw@google.com.au,Female,6.181.232.94
5303933558098070,Garvin,Pedrocco,gpedroccobx@lulu.com,Male,154.1.59.142
5020561728081155,Garrott,Southern,gsouthernby@google.com.br,Male,161.208.55.168
490383627586149437,Ainsley,Hoxey,ahoxeybz@marriott.com,Female,81.25.114.23
3541149993346761,Sax,Starmont,sstarmontc0@amazonaws.com,Male,103.103.194.46
589361054658828506,Keene,Moff,kmoffc1@omniture.com,Male,156.157.95.75
3565894748838619,Delano,McMeeking,dmcmeekingc2@meetup.com,Male,7.237.202.89
3538670484749572,Jon,Rambadt,jrambadtc3@mozilla.org,Male,202.158.214.123
3545834649559240,Huey,Gavini,hgavinic4@cyberchimps.com,Male,203.30.132.199
3539651896278052,Florance,Barca,fbarcac5@indiegogo.com,Female,26.27.99.92
3584982295937566,Des,Ambroz,dambrozc6@msn.com,Male,186.118.113.79
3558433010565110,Meg,Nan Carrow,mnancarrowc7@guardian.co.uk,Female,17.141.69.33
6385024090728892,Bearnard,Rehor,brehorc8@google.co.uk,Male,80.253.97.153
5602254725290708,Cristin,Furlonge,cfurlongec9@themeforest.net,Female,252.130.197.24
3546630144464988,Sharon,Tapin,stapinca@nsw.gov.au,Female,175.75.135.243
3549789084633460,Austin,Deighan,adeighancb@toplist.cz,Female,192.191.223.197
5602250457463810,Jerome,Staves,jstavescc@altervista.org,Male,132.180.174.155
63044203139934091,Mariejeanne,Bandey,mbandeycd@redcross.org,Female,86.133.73.209
67719623810978866,Selene,Wainscoat,swainscoatce@cdbaby.com,Female,173.22.244.211
3577996955015215,Dionis,Penke,dpenkecf@telegraph.co.uk,Female,51.21.10.103
5610162846499597,Bobinette,De Meyer,bdemeyercg@tinyurl.com,Female,126.92.103.16
6763261677457204432,Babbette,Rump,brumpch@blinklist.com,Female,143.108.174.129
5002352807646429,Brandon,Scamadin,bscamadinci@mit.edu,Male,233.153.113.218
06049703476926638,Tully,Kineton,tkinetoncj@loc.gov,Male,167.49.41.10
3552040006552899,Rozele,Crosio,rcrosiock@hao123.com,Female,195.246.39.242
589312149976476911,Gilberte,Pendlebery,gpendleberycl@xinhuanet.com,Female,172.129.108.193
6384737574031951,Chickie,Filipychev,cfilipychevcm@ameblo.jp,Female,130.31.133.186
5135057183703526,Gino,Buddell,gbuddellcn@canalblog.com,Male,73.185.142.89
3583012428257525,Ilise,Comusso,icomussoco@jalbum.net,Female,63.210.149.72
4017953763786,Helenka,Scrooby,hscroobycp@va.gov,Female,99.106.151.7
5108756406374337,Andrus,Riep,ariepcq@nbcnews.com,Male,1.29.155.217
374283867625956,Matti,Novak,mnovakcr@constantcontact.com,Female,183.195.188.227
201481641526842,Brinna,Heller,bhellercs@scientificamerican.com,Female,42.137.147.217
3550209234991391,Donnell,Dreigher,ddreigherct@weather.com,Male,243.49.48.183
6771260925523635749,Fredrika,Kalinsky,fkalinskycu@toplist.cz,Female,52.82.112.39
4917551024901155,Jojo,Mardee,jmardeecv@google.com.au,Female,149.156.118.84
3549524898905402,Bellina,Oldershaw,boldershawcw@ox.ac.uk,Female,139.189.179.47
3589418768424266,Kellie,Larkin,klarkincx@rediff.com,Female,2.172.138.14
6706795516762196418,Gianni,Hearmon,ghearmoncy@msn.com,Male,90.179.20.48
5410010652829807,Lyn,Gammons,lgammonscz@chron.com,Female,197.54.53.79
30057390396343,Elnar,Krink,ekrinkd0@fotki.com,Male,221.140.156.24
3539977674301794,Vincenz,Rushbrooke,vrushbrooked1@seesaa.net,Male,43.221.252.3
3555693254089563,Gregory,Yerby,gyerbyd2@opensource.org,Male,123.98.232.46
3533132682010062,Reinald,Cartmel,rcartmeld3@de.vu,Male,76.234.217.123
3553782500024748,Darin,Dunning,ddunningd4@flavors.me,Male,211.115.29.218
4913608569053240,Waylen,Jorcke,wjorcked5@amazon.co.jp,Male,154.20.128.49
3587231167611868,Jessie,Farmery,jfarmeryd6@umich.edu,Female,232.122.200.14
3589092247610280,Palm,Normanell,pnormanelld7@theguardian.com,Male,144.0.40.199
374288327186960,Whitney,Asmus,wasmusd8@moonfruit.com,Male,34.146.12.197
63041576255317594,Babita,MacSporran,bmacsporrand9@usgs.gov,Female,104.237.195.27
5010123333672142,Stormy,Swarbrigg,sswarbriggda@angelfire.com,Female,44.87.203.75
374288886935252,Vannie,Rubinfeld,vrubinfelddb@123-reg.co.uk,Female,149.219.205.143
3534564896654146,Sophia,Hallowes,shallowesdc@opera.com,Female,227.223.105.32
3569095744109270,Waiter,Claige,wclaigedd@boston.com,Male,97.136.93.101
3551187941180483,Chaddie,Leavold,cleavoldde@myspace.com,Male,33.69.58.5
340413680908682,Ana,Brellin,abrellindf@twitpic.com,Female,176.148.239.169
5048379797767242,Klemens,Longhurst,klonghurstdg@shop-pro.jp,Male,119.1.173.192
3534240188653498,Luis,Lubomirski,llubomirskidh@mayoclinic.com,Male,40.25.64.98
3533077411351743,Henrik,Axcel,haxceldi@plala.or.jp,Male,110.67.199.46
675946517473837903,Thorndike,Leadbitter,tleadbitterdj@springer.com,Male,95.101.53.155
6386815253463345,Andeee,Dawby,adawbydk@seattletimes.com,Female,28.225.244.121
6761143469121242,Rudyard,Haymes,rhaymesdl@1688.com,Male,129.28.88.160
5602244932264035849,Leo,Biddlestone,lbiddlestonedm@parallels.com,Male,182.100.246.133
5602238440059316,Kerwin,Berndt,kberndtdn@narod.ru,Male,92.27.194.152
6334935731936070611,John,Fallens,jfallensdo@aboutads.info,Male,151.237.203.8
5100130653111883,Geoff,McGready,gmcgreadydp@amazon.co.uk,Male,92.234.231.220
5038373943717137454,Darrick,Dumbrall,ddumbralldq@bizjournals.com,Male,95.68.180.27
6767287543821344471,Ameline,Hammerberger,ahammerbergerdr@nhs.uk,Female,63.137.114.71
5602253682865460,Travis,Sex,tsexds@list-manage.com,Male,156.156.54.98
3583943755566171,Benny,Bassick,bbassickdt@surveymonkey.com,Female,24.203.228.135
3534557629249598,Margarethe,Sweeney,msweeneydu@guardian.co.uk,Female,229.123.249.15
5893146128119223045,Morgan,Matelyunas,mmatelyunasdv@ow.ly,Male,175.44.72.152
5602248376821951,Adrien,Degoy,adegoydw@nydailynews.com,Male,88.197.179.126
3558047575922068,Mathias,Curzey,mcurzeydx@163.com,Male,199.27.126.68
4903383530906536,Doll,Bohlsen,dbohlsendy@i2i.jp,Female,186.249.182.81
3544697141113282,Cristobal,Strutt,cstruttdz@tamu.edu,Male,81.11.70.48
3551182987225037,Bar,Langlands,blanglandse0@4shared.com,Male,97.42.200.1
5610614366779858863,Shermie,Jelks,sjelkse1@fotki.com,Male,53.65.60.45
58935666842426294,Dalia,Baxill,dbaxille2@webnode.com,Female,182.186.111.152
3552536054337232,Craggy,Jindrak,cjindrake3@liveinternet.ru,Male,99.19.154.126
4844505014148985,Jerrome,Rollings,jrollingse4@gizmodo.com,Male,253.158.20.20
6767481753424011,Anabel,Cutress,acutresse5@businessweek.com,Female,84.245.184.138
3560666136104373,Byran,Swinnerton,bswinnertone6@nasa.gov,Male,51.62.26.58
5100147724631442,Orbadiah,Pietruszewicz,opietruszewicze7@chron.com,Male,167.82.171.59
4913216340808948,Judd,Platfoot,jplatfoote8@toplist.cz,Male,33.94.30.208
5100131858242010,Abigail,Balentyne,abalentynee9@illinois.edu,Female,220.117.102.12
6379559986929268,Sig,Angelini,sangeliniea@rediff.com,Male,75.214.228.193
3568410743028960,Arliene,Kiossel,akiosseleb@sbwire.com,Female,219.249.7.154
3589532956685742,Janos,Gammon,jgammonec@dropbox.com,Male,153.122.22.191
3563015696624379,Mathilde,Nudds,mnuddsed@google.de,Female,35.35.214.33
3585159529390636,Ringo,Josefer,rjoseferee@hexun.com,Male,150.199.55.142
36430025104040,Maximilien,Bearfoot,mbearfootef@harvard.edu,Male,120.69.8.48
5002354930991045,Valentino,Linster,vlinstereg@wufoo.com,Male,176.136.177.102
5020764502721299398,Isadora,Matyashev,imatyasheveh@usatoday.com,Female,229.105.131.115
560225642806403748,Chlo,Spottiswood,cspottiswoodei@google.co.uk,Female,243.131.12.59
5602218285813977,Erminie,Sabater,esabaterej@netvibes.com,Female,220.2.233.184
3567684380339259,Belicia,Hambrook,bhambrookek@omniture.com,Female,194.172.135.148
3544387575327984,Corrianne,Poulson,cpoulsonel@taobao.com,Female,14.236.185.177
3581713202377056,Burlie,Paull,bpaullem@blog.com,Male,253.0.11.94
5502659749637216,Izak,Buckleigh,ibuckleighen@sitemeter.com,Male,253.95.199.97
36741474821797,Hirsch,Costard,hcostardeo@fc2.com,Male,196.154.57.91
3568099848615209,Shellysheldon,Mibourne,smibourneep@intel.com,Male,193.210.101.172
503887147743481699,Boycie,Dureden,bduredeneq@gnu.org,Male,54.206.132.81
6331107655256345,Amaleta,Smeeton,asmeetoner@usatoday.com,Female,226.63.71.152
5602255360119151,Shanon,Lowdyane,slowdyanees@plala.or.jp,Female,154.135.234.72
3541212496471229,Joseito,Dillistone,jdillistoneet@time.com,Male,17.72.241.71
633421380765481416,Regina,Parkman,rparkmaneu@unblog.fr,Female,23.82.112.8
3560179444436073,Bartholomew,Gaitskill,bgaitskillev@bing.com,Male,126.108.129.95
560222415967849337,Ellynn,Mussalli,emussalliew@xing.com,Female,111.212.132.198
3552345703433164,Yves,Lazenbury,ylazenburyex@cam.ac.uk,Male,34.2.151.39
3550438156438608,Kirsteni,Arington,karingtoney@oaic.gov.au,Female,178.176.27.126
3565402769721449,Tammy,Thys,tthysez@aboutads.info,Male,82.92.241.216
201713294107078,Marissa,Macia,mmaciaf0@bizjournals.com,Female,67.48.227.37
3563070068097407,Siward,Hubeaux,shubeauxf1@eepurl.com,Male,74.222.145.42
5007660179686814,Hyacinth,Scotchbrook,hscotchbrookf2@spotify.com,Female,239.247.190.176
3568018243388444,Wake,Robroe,wrobroef3@shop-pro.jp,Male,182.10.166.16
3577437063878723,Gardener,Dobbinson,gdobbinsonf4@quantcast.com,Male,201.107.47.11
561038442962047818,Bertie,Staddon,bstaddonf5@typepad.com,Male,23.6.143.154
5578403316568895,Toby,Watkinson,twatkinsonf6@plala.or.jp,Female,99.148.20.125
5018223583179020,Kain,Wingatt,kwingattf7@devhub.com,Male,104.195.222.162
5002354617813538,Oralla,Laffoley-Lane,olaffoleylanef8@sitemeter.com,Female,147.222.9.21
6706683716922478814,Zaneta,Caudrelier,zcaudrelierf9@addtoany.com,Female,143.199.181.45
201713624195462,Jacquelyn,Garry,jgarryfa@pinterest.com,Female,246.154.84.253
3533203870164332,Gerta,Ramsted,gramstedfb@netlog.com,Female,241.97.217.159
5108754925276281,Henriette,Abraham,habrahamfc@diigo.com,Female,244.90.229.169
376364692935212,Noell,Strangeway,nstrangewayfd@msn.com,Female,138.218.97.50
3573707098529143,Celie,Redon,credonfe@usatoday.com,Female,126.53.45.169
30416119201772,Hayward,Goublier,hgoublierff@live.com,Male,205.8.238.158
4041376563946,Pennie,Feldman,pfeldmanfg@e-recht24.de,Female,78.211.43.106
345995888083131,Margareta,Kenneford,mkennefordfh@hibu.com,Female,103.31.136.76
3550495972996904,Tess,Casaccia,tcasacciafi@examiner.com,Female,202.204.181.97
675907402460540819,Kirsten,MacCarlich,kmaccarlichfj@tmall.com,Female,112.26.93.75
3532802944609700,Manny,Rishbrook,mrishbrookfk@bizjournals.com,Male,80.113.197.239
4175002160799216,Joly,Milmore,jmilmorefl@indiatimes.com,Female,242.190.117.189
30229405779595,Electra,O'Scannill,eoscannillfm@cbsnews.com,Female,213.53.245.218
30050994276052,Andriana,Yukhnov,ayukhnovfn@economist.com,Female,53.218.184.87
3587173500575725,Isahella,Salvidge,isalvidgefo@pbs.org,Female,194.223.62.33
6767991879912396849,Dorthy,Chezier,dchezierfp@canalblog.com,Female,216.192.83.130
56022544569714358,Burch,Leeming,bleemingfq@fastcompany.com,Male,25.24.29.218
5150678428202733,Klarrisa,Tetford,ktetfordfr@bandcamp.com,Female,233.87.156.16
3580269972266368,Alic,Asplen,aasplenfs@sfgate.com,Male,15.19.66.253
374288038621826,Natasha,Craigg,ncraiggft@fema.gov,Female,36.100.69.205
30517119775465,Barbi,Dumberrill,bdumberrillfu@spiegel.de,Female,207.11.146.130
3561219317837293,Dolores,Parris,dparrisfv@deviantart.com,Female,167.128.12.204
30245796975642,Corena,McAirt,cmcairtfw@blogger.com,Female,226.225.139.8
3544590317433172,Jdavie,Burney,jburneyfx@dmoz.org,Male,209.75.251.106
0604307402374077,Claybourne,Cunnington,ccunningtonfy@xinhuanet.com,Male,46.251.100.121
3532338527418052,Edithe,Corley,ecorleyfz@ameblo.jp,Female,15.110.83.161
3568203825243304,Vinnie,Hassey,vhasseyg0@jiathis.com,Male,46.152.87.11
3531673153384215,Dana,Minet,dminetg1@mac.com,Male,77.215.101.234
4936829255051016,Niko,Bowhay,nbowhayg2@twitpic.com,Male,116.15.163.83
564182780299935215,Grant,Volante,gvolanteg3@cornell.edu,Male,98.240.167.26
3544362828824848,Benjamin,Metson,bmetsong4@opensource.org,Male,47.111.161.36
4405811369124352,Osborne,Bartram,obartramg5@tinypic.com,Male,103.109.192.234
4017959044625432,Bunny,Suatt,bsuattg6@fotki.com,Female,8.182.229.254
3571867962193426,Ester,Amoss,eamossg7@free.fr,Female,49.85.246.88
3586829070405004,Willow,Farryn,wfarryng8@so-net.ne.jp,Female,60.232.163.107
3557562162667703,Aura,Verbrugghen,averbruggheng9@tiny.cc,Female,73.178.103.36
3581259910904716,Ludovico,Mosedall,lmosedallga@ox.ac.uk,Male,161.40.75.73
6379030693867183,Brita,Soda,bsodagb@flavors.me,Female,94.50.121.134
30112994004957,Kenton,Millership,kmillershipgc@cafepress.com,Male,232.251.44.94
5010127054754922,Bruis,Terren,bterrengd@stumbleupon.com,Male,167.91.151.196
6304709215272358,Elisabeth,Ingreda,eingredage@google.co.jp,Female,43.134.228.45
3532884752431435,Bernie,Sowerbutts,bsowerbuttsgf@netlog.com,Male,79.163.199.50
5010123816401878,Fina,Giles,fgilesgg@nba.com,Female,65.136.196.190
4917582436109574,Craig,Mumm,cmummgh@wordpress.org,Male,165.108.24.214
5455054535431098,Karl,Flather,kflathergi@noaa.gov,Male,53.27.23.91
3583967510452377,Reta,Oertzen,roertzengj@ucsd.edu,Female,226.240.201.66
5610113957035974332,Donalt,Justun,djustungk@msu.edu,Male,255.11.154.254
3563505025559320,Deeyn,Batch,dbatchgl@europa.eu,Female,9.225.148.135
349010328302673,Janetta,Kelcher,jkelchergm@msn.com,Female,97.173.225.115
347038802171373,Damaris,Duffil,dduffilgn@mysql.com,Female,244.51.169.216
3544316344381675,Susanne,Gascoine,sgascoinego@skype.com,Female,19.46.41.55
3571727835662678,Wallace,Stollenwerck,wstollenwerckgp@time.com,Male,212.133.125.84
3544009695306348,Hillary,Belhome,hbelhomegq@vinaora.com,Male,92.188.99.21
3588787279500801,Danni,Oylett,doylettgr@admin.ch,Female,82.130.115.118
3529187226655638,Rosie,Propper,rproppergs@uiuc.edu,Female,205.154.93.248
560224445058944307,Walliw,Blacket,wblacketgt@mayoclinic.com,Female,17.197.112.73
201921449187479,Quintin,Brando,qbrandogu@utexas.edu,Male,148.245.76.187
3544605148322483,Cathe,Bicker,cbickergv@desdev.cn,Female,233.185.139.76
3581963051278331,Janela,Pindar,jpindargw@netscape.com,Female,153.86.33.174
6334739596665132553,Claudina,Askwith,caskwithgx@e-recht24.de,Female,26.246.9.203
3552190650488856,Gwenny,Smails,gsmailsgy@ftc.gov,Female,42.34.32.115
374283271813958,Jacquette,Jakubovski,jjakubovskigz@wsj.com,Female,3.177.205.35
374622871543806,Elie,Witchard,ewitchardh0@cnn.com,Female,75.2.169.94
3545178693678559,Brien,Dani,bdanih1@tuttocitta.it,Male,170.55.56.104
3555225475528390,Loren,Folliss,lfollissh2@apache.org,Male,141.1.162.64
3563569463930443,Mikel,Saffe,msaffeh3@ezinearticles.com,Male,194.6.242.143
4917886189875004,Betsey,Everly,beverlyh4@angelfire.com,Female,149.136.58.154
6396428994201194,Ginny,Bremeyer,gbremeyerh5@netlog.com,Female,159.242.4.147
3564873120105913,Nady,Gater,ngaterh6@themeforest.net,Female,248.19.248.136
3568457697365542,Barbie,Espadas,bespadash7@nationalgeographic.com,Female,41.115.254.220
3557476537091905,Elbert,Tawse,etawseh8@icq.com,Male,191.9.180.250
3544772845629584,Ginevra,Truder,gtruderh9@4shared.com,Female,171.219.163.198
5602246934143355,Janeta,Probbings,jprobbingsha@xinhuanet.com,Female,70.86.104.148
3581054987110168,Mamie,Goalby,mgoalbyhb@twitter.com,Female,195.210.244.160
3551646204962259,Mallory,Jeness,mjenesshc@answers.com,Female,208.33.212.124
5602251120645866,Lamar,Fitzer,lfitzerhd@photobucket.com,Male,46.80.167.98
3532903193124738,Wendel,Abry,wabryhe@nyu.edu,Male,212.55.115.165
4405844449319940,Shirleen,Cords,scordshf@census.gov,Female,86.75.180.65
676264844259559879,Peta,Snelgar,psnelgarhg@elegantthemes.com,Female,31.183.160.137
3541238545320547,Freddie,Hussey,fhusseyhh@ning.com,Male,39.107.194.41
5602235831457547,Rolfe,Course,rcoursehi@dailymail.co.uk,Male,141.48.163.16
560221673346708126,Cecilio,Wilcock,cwilcockhj@bigcartel.com,Male,160.210.215.160
372301921040079,Waylen,Korpal,wkorpalhk@miitbeian.gov.cn,Male,137.38.136.96
5641822065948953,Sada,Spaducci,sspaduccihl@squidoo.com,Female,50.136.60.243
4913798784560291,Vinnie,Barenski,vbarenskihm@washingtonpost.com,Female,51.179.179.188
5602212626855805,Teddy,Scrine,tscrinehn@imgur.com,Male,121.66.8.142
201617913604177,Irwinn,Mettrick,imettrickho@hhs.gov,Male,200.252.220.153
3549693742455656,Bernita,Coutthart,bcouttharthp@mtv.com,Female,150.158.109.87
4903664427896959536,Renato,McAloren,rmcalorenhq@apache.org,Male,176.67.233.214
30405083826375,Garwood,Lownsbrough,glownsbroughhr@timesonline.co.uk,Male,39.95.197.100
4175008065593000,Den,Kleehuhler,dkleehuhlerhs@statcounter.com,Male,176.101.110.229
6390036564351798,Theo,Duerdin,tduerdinht@photobucket.com,Male,191.172.144.23
5108754980984126,Sher,Gallen,sgallenhu@timesonline.co.uk,Female,230.120.36.173
6767710550029603480,Paul,Pentecust,ppentecusthv@biblegateway.com,Male,212.218.229.171
6331105887974122167,Clyde,Corish,ccorishhw@wiley.com,Male,38.94.155.75
3557940722857289,Dame,Ledwitch,dledwitchhx@cnbc.com,Male,220.209.175.227
3549352721736038,Niki,Lettley,nlettleyhy@walmart.com,Male,190.231.128.201
3536374534471301,Duffy,Carslaw,dcarslawhz@weebly.com,Male,75.145.87.45
5002357248133168,Babette,Feek,bfeeki0@cdc.gov,Female,169.38.186.43
3557824743443248,Faythe,Eton,fetoni1@webnode.com,Female,131.61.101.119
3563085198168522,Mandie,Ambrosi,mambrosii2@aol.com,Female,152.130.206.147
374283744391723,Marshal,Heale,mhealei3@infoseek.co.jp,Male,188.104.128.178
3554752034707265,Richard,Fodden,rfoddeni4@last.fm,Male,21.8.125.219
5602234302206921,Lila,Popov,lpopovi5@vkontakte.ru,Female,209.15.203.175
374283068542133,Kahlil,Catenot,kcatenoti6@china.com.cn,Male,185.64.58.224
67617948418242131,Gib,Preator,gpreatori7@narod.ru,Male,122.194.126.10
4936824069843732,Vivyan,Sybbe,vsybbei8@wufoo.com,Female,244.83.97.189
372301290595570,Baudoin,Leeder,bleederi9@xing.com,Male,135.139.87.238
3561869133141062,Tiphani,Frostick,tfrostickia@europa.eu,Female,157.252.200.23
201696040656938,Barney,Nairne,bnairneib@desdev.cn,Male,46.209.150.6
30176532189869,Chico,Tinsley,ctinsleyic@unc.edu,Male,197.109.192.40
67590241542839043,Svend,Burrus,sburrusid@bbb.org,Male,26.215.23.12
3532683146865971,Aurel,McCreery,amccreeryie@mysql.com,Female,118.245.9.136
5602258687477426705,Fredric,Cosby,fcosbyif@nytimes.com,Male,245.61.178.50
4041592915829112,Burgess,Sermin,bserminig@oracle.com,Male,227.201.241.219
3577034197724053,Nikki,Buckenhill,nbuckenhillih@seesaa.net,Female,199.209.143.216
3540219985260717,Mallory,Kuhnwald,mkuhnwaldii@seattletimes.com,Male,159.134.21.200
3580708093409357,Trish,Marcoolyn,tmarcoolynij@nhs.uk,Female,10.190.131.164
67623191197476636,Saunder,Terrazzo,sterrazzoik@ca.gov,Male,214.146.84.248
5038221552317519153,Carny,Lutsch,clutschil@joomla.org,Male,128.53.114.46
3577119567141788,Oliver,Glanvill,oglanvillim@bigcartel.com,Male,83.16.197.202
5010122211020192,Avivah,McCoid,amccoidin@vk.com,Female,190.173.141.106
5602248078755853,Cozmo,Arpe,carpeio@google.cn,Male,205.157.63.206
5641824806354350,Sayre,Maffulli,smaffulliip@google.com,Female,142.59.74.61
4508072100269859,Vittorio,Matthiae,vmatthiaeiq@bing.com,Male,92.214.164.174
3541265235245684,Monika,Di Maria,mdimariair@cocolog-nifty.com,Female,214.68.9.251
30357090209816,Annie,Chapelle,achapelleis@ftc.gov,Female,182.102.128.115
3568755322286011,Dan,Sushams,dsushamsit@parallels.com,Male,51.132.71.82
3589468723101202,Clemmy,Sansbury,csansburyiu@guardian.co.uk,Male,130.12.234.40
6759873806331180306,Inna,Bourke,ibourkeiv@parallels.com,Female,200.158.11.155
5237810796900138,Johnette,Hazell,jhazelliw@walmart.com,Female,87.25.106.83
4175002389015469,Earvin,Glencros,eglencrosix@dedecms.com,Male,246.29.29.159
4405301910760763,Giraldo,Lowfill,glowfilliy@dell.com,Male,196.79.50.176
3568547239241498,Lek,Banaszewski,lbanaszewskiiz@princeton.edu,Male,248.231.198.9
560224534407767608,Jeanne,Ryle,jrylej0@house.gov,Female,230.246.116.78
337941399796761,Perry,Huband,phubandj1@reuters.com,Male,146.14.41.65
3535337532211103,Kellsie,MacIlwrick,kmacilwrickj2@icio.us,Female,80.79.154.79
5547222382022407,Ryun,Tompion,rtompionj3@networksolutions.com,Male,53.191.42.129
3562125352775950,Ingaberg,Jobson,ijobsonj4@geocities.com,Female,73.183.132.151
6759434880187456,Wadsworth,Sterricks,wsterricksj5@unblog.fr,Male,67.25.157.249
3588316847501263,Gawen,MacGragh,gmacgraghj6@oracle.com,Male,62.154.177.31
30377806600140,Claudine,Christescu,cchristescuj7@mediafire.com,Female,218.156.37.118
56022404053815676,Francois,Yonnie,fyonniej8@theguardian.com,Male,67.15.97.200
340218695988722,James,Baigrie,jbaigriej9@wisc.edu,Male,171.78.94.70
3582599963445896,Cloris,Monteith,cmonteithja@independent.co.uk,Female,255.54.212.195
3553004738334801,Aubree,Karlolak,akarlolakjb@narod.ru,Female,32.33.222.140
3529084779573534,Ilsa,Libbis,ilibbisjc@indiatimes.com,Female,230.80.77.253
3532826354930918,Juliana,Rudiger,jrudigerjd@wordpress.com,Female,140.125.143.33
3569420326275481,Timmy,Bickley,tbickleyje@japanpost.jp,Female,140.187.142.55
201993281561079,Quint,Alman,qalmanjf@comsenz.com,Male,206.212.18.14
06047962028639386,Gerry,Wilsee,gwilseejg@imgur.com,Female,19.237.218.247
3555938026445753,Leda,Petru,lpetrujh@uol.com.br,Female,252.66.177.240
4177898649272339,Edna,Le land,elelandji@i2i.jp,Female,235.91.39.72
56022482685901502,Milissent,McCarlich,mmccarlichjj@phoca.cz,Female,201.147.65.37
6762321199964151,Victor,Pehrsson,vpehrssonjk@google.es,Male,124.234.44.58
30038726460623,Levy,Tonna,ltonnajl@topsy.com,Male,147.172.82.188
3572768546323480,Linda,Nore,lnorejm@youtu.be,Female,119.91.65.15
3589440482382075,Sloane,Doles,sdolesjn@chronoengine.com,Male,226.102.165.88
6385624889959986,Bertrando,Moorhead,bmoorheadjo@berkeley.edu,Male,83.106.45.19
5048374530818204,Gayleen,Frowen,gfrowenjp@time.com,Female,102.91.61.132
630491488936643805,Valaree,Skarman,vskarmanjq@intel.com,Female,36.201.139.177
5602225653521272,Jeramie,Lade,jladejr@yale.edu,Male,49.162.77.88
337941213708810,Marve,Myderscough,mmyderscoughjs@eventbrite.com,Male,74.223.251.169
67613603332128122,Glory,MacPaden,gmacpadenjt@google.nl,Female,199.7.56.181
3539121676524919,Bernardina,Dongall,bdongallju@yahoo.com,Female,194.230.45.111
3547227209730145,Terese,Tenby,ttenbyjv@sciencedirect.com,Female,166.59.105.21
6762836170423604,Meridith,Izsak,mizsakjw@earthlink.net,Female,150.62.140.111
5602242956963235923,Alfonso,Crutchley,acrutchleyjx@springer.com,Male,108.129.167.172
3539172909483969,Lief,Yegoshin,lyegoshinjy@vimeo.com,Male,73.172.38.184
5610807534485916,Ethelyn,Franken,efrankenjz@who.int,Female,115.26.105.2
30545048992786,Agnesse,Drakeford,adrakefordk0@guardian.co.uk,Female,12.40.225.51
3553378796021439,Jessey,Tukely,jtukelyk1@list-manage.com,Male,77.247.52.111
6767564259385909,Iosep,Tomini,itominik2@alexa.com,Male,43.236.250.121
4614051016192075,Connie,Gauntley,cgauntleyk3@netvibes.com,Male,209.109.176.43
5602234055210450,Alard,Ubsdell,aubsdellk4@e-recht24.de,Male,101.6.108.71
201583470466956,Cale,Pawlett,cpawlettk5@wisc.edu,Male,153.48.217.160
6304798975978857323,Coleen,Bartens,cbartensk6@digg.com,Female,31.154.50.79
5558460186072113,Birk,Olphert,bolphertk7@mysql.com,Male,50.25.249.2
5602255511844581807,Valentijn,Warlock,vwarlockk8@newsvine.com,Male,242.41.195.174
5363953957596646,Bennett,MacCafferky,bmaccafferkyk9@bing.com,Male,82.63.177.41
3549718587066860,Gennie,Perutto,gperuttoka@vistaprint.com,Female,95.169.66.160
374283691088959,Maye,Mulcock,mmulcockkb@weather.com,Female,24.220.148.86
5602247814719934,Halsy,Dainty,hdaintykc@istockphoto.com,Male,114.20.105.17
3556582346910374,Hussein,Drane,hdranekd@bloglovin.com,Male,60.166.144.185
6762032852631189086,Pavlov,Tindley,ptindleyke@dailymotion.com,Male,248.58.38.99
6762661317530065942,Wilmar,Cawthry,wcawthrykf@reddit.com,Male,59.124.238.29
3572596059326040,Dominique,Donnachie,ddonnachiekg@studiopress.com,Female,255.23.236.188
3588379208126849,Elaina,Hackworthy,ehackworthykh@eventbrite.com,Female,42.12.175.88
4041591341805,Kalila,Eades,keadeski@uol.com.br,Female,172.219.37.215
3577661406267712,Dulci,Claybourn,dclaybournkj@auda.org.au,Female,247.165.231.101
56022306341683867,Paulita,Shall,pshallkk@vinaora.com,Female,44.216.66.160
5048374504495765,Wilie,Jenkerson,wjenkersonkl@narod.ru,Female,226.115.91.152
3578619794103872,Skyler,Fautly,sfautlykm@ibm.com,Male,220.121.129.54
201417374268236,Mitchael,Grolle,mgrollekn@desdev.cn,Male,119.218.175.20
5610899202466903181,Rouvin,Tomkins,rtomkinsko@fotki.com,Male,173.210.241.232
5602234818881431,Theobald,Summerrell,tsummerrellkp@skype.com,Male,54.128.54.141
5007665384850667,Mathilda,Archbould,marchbouldkq@census.gov,Female,27.122.60.228
30175860654304,Nani,Marvelley,nmarvelleykr@typepad.com,Female,244.59.227.56
4041372973073,Uri,Cadell,ucadellks@nytimes.com,Male,255.220.77.120
30100141255580,Daisey,MacLise,dmaclisekt@si.edu,Female,53.144.193.112
3546707566644113,Banky,Fairbeard,bfairbeardku@dailymotion.com,Male,29.51.227.107
3534398743245166,Gerda,Kettlewell,gkettlewellkv@youtu.be,Female,66.73.37.157
5602241789775872,Odo,Geary,ogearykw@timesonline.co.uk,Male,175.78.209.35
3582213088145999,Meier,Cassell,mcassellkx@wikimedia.org,Male,180.194.171.61
3574138548263258,Wallache,Arnley,warnleyky@chicagotribune.com,Male,2.241.185.159
5364217497541325,Bucky,Ikin,bikinkz@spotify.com,Male,114.47.168.66
3541661410158173,Rahal,Patley,rpatleyl0@booking.com,Female,219.70.250.225
56022405756992076,Andrea,Pawlett,apawlettl1@sakura.ne.jp,Male,68.90.69.205
201431663733859,Buck,Pipes,bpipesl2@taobao.com,Male,209.66.141.10
4913853682485396,Petrina,Scannell,pscannelll3@shinystat.com,Female,202.48.216.103
4017956040745917,Rose,Fries,rfriesl4@cafepress.com,Female,32.17.149.169
3547952766065250,Levon,Thurlow,lthurlowl5@wikia.com,Male,12.249.93.109
5007666496206061,Avrom,Larcier,alarcierl6@blogspot.com,Male,120.207.226.195
633482859329549988,Cornall,Gress,cgressl7@skyrock.com,Male,134.228.110.45
30540118675361,Mirella,Benfield,mbenfieldl8@4shared.com,Female,109.141.250.102
3548625075172467,Caz,Delong,cdelongl9@pinterest.com,Male,136.92.81.171
5048372502224690,Bord,Mibourne,bmibournela@eventbrite.com,Male,209.20.228.212
5048372616064099,Cyb,Diem,cdiemlb@zdnet.com,Female,163.172.233.190
5007661777480527,Felicdad,Abbotson,fabbotsonlc@trellian.com,Female,42.206.106.174
5610674172224423,Webb,Lamperd,wlamperdld@over-blog.com,Male,116.8.243.84
3545112986946837,Boote,Surr,bsurrle@virginia.edu,Male,123.46.133.231
3577583077488072,Chandler,Domenichelli,cdomenichellilf@bigcartel.com,Male,147.48.202.113
3576824371120172,Eirena,Renshaw,erenshawlg@so-net.ne.jp,Female,38.107.66.117
3589894858743460,Clement,Soule,csoulelh@sciencedirect.com,Male,34.136.230.54
56022127755677595,Haskel,Mankor,hmankorli@columbia.edu,Male,113.235.61.31
4844562363066011,Chastity,Smeuin,csmeuinlj@omniture.com,Female,83.72.27.212
3568423691622411,Tybalt,Taylo,ttaylolk@w3.org,Male,32.1.117.37
4903960909547585,Currie,Becarra,cbecarrall@spotify.com,Male,231.101.43.125
3539477448730733,Lucais,Oxley,loxleylm@scribd.com,Male,0.234.124.76
5602218635075111,Elke,Hadlington,ehadlingtonln@latimes.com,Female,160.245.150.48
560223288225598627,Lauryn,Lieb,llieblo@tumblr.com,Female,8.234.160.247
6333594403747287,Ettie,Traill,etrailllp@utexas.edu,Female,160.184.11.110
3553772785999755,Arlin,Harsnipe,aharsnipelq@illinois.edu,Male,131.193.32.73
6333457422234283,Link,Canadine,lcanadinelr@google.com.br,Male,92.74.203.242
5002352111073864,Hedi,Easby,heasbyls@unesco.org,Female,208.113.105.95
3588334180178037,Mame,Baulcombe,mbaulcombelt@google.com.br,Female,13.160.148.194
6384816131355366,Rosamund,Roddick,rroddicklu@chicagotribune.com,Female,224.22.205.227
349097595898285,Julie,Newlyn,jnewlynlv@myspace.com,Male,22.20.189.236
3575601620458772,Leanora,Lazenbury,llazenburylw@oaic.gov.au,Female,209.251.155.23
5893162354319717938,Randy,Verne,rvernelx@weather.com,Female,254.144.132.75
676192730991958346,Rod,D'Acth,rdacthly@parallels.com,Male,210.19.195.184
5610485041397294,Booth,Marjanovic,bmarjanoviclz@pen.io,Male,51.24.181.227
30118929464786,Belva,Chinnock,bchinnockm0@psu.edu,Female,46.254.150.91
4913713381387956,Isaac,Trencher,itrencherm1@nsw.gov.au,Male,150.25.152.244
6377486052660555,Heloise,Gasking,hgaskingm2@dropbox.com,Female,238.60.184.42
3549654842928646,Baird,Burnand,bburnandm3@behance.net,Male,98.45.107.223
3559354434245999,Maris,Parsand,mparsandm4@elegantthemes.com,Female,200.172.238.73
3534041863126838,Terese,Gollin,tgollinm5@arstechnica.com,Female,81.247.161.101
3564808895684726,Rasia,Dencs,rdencsm6@rakuten.co.jp,Female,117.188.207.149
3547923315126224,Anita,Dack,adackm7@cloudflare.com,Female,142.34.220.241
5458358928384336,Dominic,Dodgshun,ddodgshunm8@go.com,Male,5.127.82.75
3580653559864192,Delcina,Cofax,dcofaxm9@pen.io,Female,168.42.167.207
3536981635469750,Cyndia,Rosewarne,crosewarnema@meetup.com,Female,76.82.227.9
4917951395005711,Raphael,Donald,rdonaldmb@is.gd,Male,74.19.17.45
4903954841683590,Eleonore,Baribal,ebaribalmc@sphinn.com,Female,235.98.125.5
3552839817571521,Berti,Luca,blucamd@dailymotion.com,Male,206.73.196.216
3575276809937530,Haroun,Noden,hnodenme@moonfruit.com,Male,235.209.246.130
3561693135697826,Lise,Gillinghams,lgillinghamsmf@liveinternet.ru,Female,160.150.31.67
5602213692750102,Rhianon,Moylan,rmoylanmg@dmoz.org,Female,22.174.69.23
3552001829875263,Del,Semarke,dsemarkemh@nyu.edu,Female,226.73.131.205
4905553479028603,Marje,Grayley,mgrayleymi@list-manage.com,Female,184.99.195.212
3584127485687486,Stormi,Shortell,sshortellmj@mediafire.com,Female,225.227.103.104
5007669432494130,Esteban,Thoumasson,ethoumassonmk@ask.com,Male,161.158.116.15
3577183588806761,Anabella,Bartoszinski,abartoszinskiml@sitemeter.com,Female,95.45.190.188
3531760340911768,Nolana,Kinneally,nkinneallymm@fda.gov,Female,57.57.117.252
3528171704507231,Shae,Brackenbury,sbrackenburymn@wordpress.com,Female,97.35.103.248
3534871383108779,Kathlin,Jordeson,kjordesonmo@state.gov,Female,253.149.89.199
3576338222455299,Barnebas,Duffell,bduffellmp@forbes.com,Male,101.231.254.74
3545906284880980,Ursola,Guichard,uguichardmq@wisc.edu,Female,171.150.28.227
3533983952769609,Hughie,Preece,hpreecemr@hibu.com,Male,127.231.242.31
502004842667445973,Welbie,Matts,wmattsms@skype.com,Male,142.46.185.192
633491865454934795,Amelina,Delph,adelphmt@naver.com,Female,239.231.141.71
30308942083032,Kahaleel,Filkov,kfilkovmu@xing.com,Male,20.210.72.103
3563573568266430,Odie,Gaunson,ogaunsonmv@cnn.com,Male,127.234.31.68
30485056326835,Ric,Semper,rsempermw@nature.com,Male,178.91.190.146
4911418709937548,Kippy,Shaddick,kshaddickmx@storify.com,Male,150.77.208.38
675973383772926343,Don,Fumagalli,dfumagallimy@360.cn,Male,100.111.134.37
5018407374342638,Amargo,Choldcroft,acholdcroftmz@cdbaby.com,Female,230.5.146.9
3571112197245885,Uriah,Grinyov,ugrinyovn0@discuz.net,Male,97.73.132.53
3556074103412026,Lonni,Hyslop,lhyslopn1@eventbrite.com,Female,24.163.81.141
5271733380222197,Constanta,Geekin,cgeekinn2@latimes.com,Female,24.31.19.141
3558845938414883,Janette,Koomar,jkoomarn3@hud.gov,Female,96.203.195.1
3558850782356651,Dulciana,Doumerc,ddoumercn4@virginia.edu,Female,96.21.240.170
3539305612119393,Ali,Longega,alongegan5@archive.org,Male,136.24.118.232
3579702216286852,Isahella,Beedell,ibeedelln6@jimdo.com,Female,230.155.53.186
3576270749789605,Morley,Southan,msouthann7@nyu.edu,Male,152.10.243.17
3532384050073138,Iggy,Georgeson,igeorgesonn8@de.vu,Male,164.190.105.135
201409566009734,Kipp,Karpenko,kkarpenkon9@jimdo.com,Female,161.243.232.125
3533192294179580,Debby,Sparkes,dsparkesna@addthis.com,Female,102.18.102.149
3574612737047417,Broderic,Canellas,bcanellasnb@seattletimes.com,Male,243.125.122.64
5293427709057871,Jaine,Lowrie,jlowrienc@merriam-webster.com,Female,167.115.31.108
3545520948300325,Charmane,Cumesky,ccumeskynd@google.de,Female,54.95.59.156
6759232727663461625,Sim,McEniry,smceniryne@seesaa.net,Male,64.102.219.185
56022120216655136,Jolie,Jaquest,jjaquestnf@free.fr,Female,132.56.79.47
3544696210645216,Roderic,Flarity,rflarityng@bloglovin.com,Male,253.210.93.30
6759888699879059286,Pavel,Luebbert,pluebbertnh@zdnet.com,Male,72.98.243.188
30598794242559,Sheffie,Clinnick,sclinnickni@ed.gov,Male,75.2.20.32
56106281678344384,Mandie,MacKeeg,mmackeegnj@theatlantic.com,Female,181.134.128.139
3535383489433795,Jami,Kennefick,jkenneficknk@geocities.com,Female,245.23.171.30
3569886065113804,Bevon,Tann,btannnl@blogs.com,Male,131.146.249.103
3585519618420505,Corabelle,Walcher,cwalchernm@cbc.ca,Female,134.61.168.236
5144047657013899,Humberto,Sant,hsantnn@cbsnews.com,Male,23.158.102.230
4913867615432010,Chrisy,Corballis,ccorballisno@skype.com,Male,61.217.88.206
5002355933059136,Francklyn,Hush,fhushnp@prweb.com,Male,123.26.22.228
4041370607046240,Marshall,Messitt,mmessittnq@dedecms.com,Male,121.96.178.6
060458243520562650,Neila,Leere,nleerenr@eventbrite.com,Female,194.191.21.121
3534318359438350,Michelina,Mulgrew,mmulgrewns@skype.com,Female,148.231.81.174
3547115935410332,Danyelle,Emmatt,demmattnt@whitehouse.gov,Female,96.194.43.36
3548586249580508,Linc,Behrendsen,lbehrendsennu@cornell.edu,Male,61.103.231.220
5602217567114641,Fania,Saunders,fsaundersnv@pbs.org,Female,108.236.153.65
6388518562792002,Brod,McKernon,bmckernonnw@theatlantic.com,Male,52.34.193.249
3583004114646988,Carmon,Vasyunichev,cvasyunichevnx@cdc.gov,Female,36.241.140.123
3570031713314309,Daisy,Hartle,dhartleny@is.gd,Female,242.27.223.55
5160636360401414,Carroll,Crocken,ccrockennz@china.com.cn,Female,211.39.100.156
3540557493519839,Joseph,Pierce,jpierceo0@cam.ac.uk,Male,35.89.133.246
3571823938357991,Giulio,Faustin,gfaustino1@google.es,Male,42.223.238.112
3566994412857157,Meris,Van Salzberger,mvansalzbergero2@freewebs.com,Female,77.125.49.163
36499598068916,Frank,Pettifer,fpettifero3@domainmarket.com,Male,177.158.93.128
6331108097064304033,Magdalena,Perez,mperezo4@marriott.com,Female,14.123.191.221
4911970680212812,Luke,Ingre,lingreo5@blogtalkradio.com,Male,60.224.101.61
201427667855193,Ignaz,Glentworth,iglentwortho6@princeton.edu,Male,229.198.168.55
3570992401835279,Vick,Potzold,vpotzoldo7@ezinearticles.com,Male,104.191.142.212
5453467762377036,Abdel,Crucetti,acrucettio8@bandcamp.com,Male,240.146.68.141
5141240271349046,Sherwood,Britt,sbritto9@livejournal.com,Male,120.159.60.250
3578401341124416,Winnie,Farans,wfaransoa@godaddy.com,Female,181.99.189.232
5100139925941795,Morissa,Lattey,mlatteyob@marketwatch.com,Female,23.170.106.18
3572215985303094,Hermann,Altamirano,haltamiranooc@t-online.de,Male,25.248.135.57
5610608936616219,Lucho,Doust,ldoustod@gmpg.org,Male,244.121.163.123
4041372680736,Erich,Le Franc,elefrancoe@nyu.edu,Male,201.89.179.230
676221893128081484,Eugenius,Lethlay,elethlayof@whitehouse.gov,Male,13.188.248.39
5317406938516867,Raddy,Darthe,rdartheog@dyndns.org,Male,62.29.251.59
3564189606804105,Sayer,Skews,sskewsoh@jimdo.com,Male,118.230.48.238
3568210910652398,Pate,Summerton,psummertonoi@storify.com,Male,68.159.58.152
6767892891851644,Dacie,Nerne,dnerneoj@arizona.edu,Female,248.34.9.59
6771963735300844343,Simonette,Cashford,scashfordok@blogtalkradio.com,Female,128.111.189.194
5108758414328966,Jessie,McComiskie,jmccomiskieol@cloudflare.com,Female,69.56.225.70
4041374218436,Tim,Edds,teddsom@patch.com,Male,227.135.194.254
5108751751894294,Rani,Dongate,rdongateon@china.com.cn,Female,185.39.209.181
374288906606586,Craggy,Dungey,cdungeyoo@comsenz.com,Male,151.22.173.233
6376411696373093,Stefanie,Porch,sporchop@quantcast.com,Female,252.149.200.15
30553907247532,Christophorus,Lemmon,clemmonoq@cnbc.com,Male,214.192.87.57
3575730091874983,Ramon,Blastock,rblastockor@miibeian.gov.cn,Male,224.83.220.197
3568853865640668,Pincas,Hencke,phenckeos@google.pl,Male,98.43.135.20
5100136113704993,Chandler,Hallt,challtot@spotify.com,Male,67.117.55.243
5602215583505271,Ive,Nutton,inuttonou@discovery.com,Male,60.222.201.155
374622804459559,Courtney,De Blasio,cdeblasioov@unicef.org,Female,94.120.184.140
5209984981633111,Sloan,Case,scaseow@unesco.org,Male,214.181.170.234
3529084490124443,Georgie,Haddrell,ghaddrellox@deviantart.com,Female,64.187.241.74
3538749288365403,Rosy,Doohey,rdooheyoy@google.es,Female,225.144.18.104
4175009991634272,Joey,Cassely,jcasselyoz@chron.com,Female,133.189.74.189
3552679977798856,Raynard,Waith,rwaithp0@apache.org,Male,63.85.1.241
3587928261098815,Terencio,Wilhelmy,twilhelmyp1@icq.com,Male,136.199.15.37
3549534960110112,Cassy,Whye,cwhyep2@technorati.com,Female,39.24.217.233
3570763707778590,Selia,Clappson,sclappsonp3@oaic.gov.au,Female,201.139.120.76
4917598980025925,Gav,Horley,ghorleyp4@wikispaces.com,Male,22.232.48.175
5490815480999900,Tammy,Casterou,tcasteroup5@linkedin.com,Male,228.3.1.125
3544277373213579,Erick,Grishin,egrishinp6@narod.ru,Male,101.216.94.164
6385953330005879,Sallee,Snook,ssnookp7@zimbio.com,Female,141.39.161.32
337941360881329,Jessy,Duhig,jduhigp8@clickbank.net,Female,40.214.232.10
630463370154372446,Luke,Childerley,lchilderleyp9@europa.eu,Male,58.143.1.87
5002358177685517,Cris,Gulleford,cgullefordpa@bbc.co.uk,Female,253.94.18.211
3558951256026182,Karina,Kobierzycki,kkobierzyckipb@about.com,Female,129.46.144.132
6331107344395397,Gwennie,Chelnam,gchelnampc@printfriendly.com,Female,0.81.110.50
3556463255922967,Yasmin,Schwand,yschwandpd@reverbnation.com,Female,120.159.189.143
3570922438562638,Forrester,Gladyer,fgladyerpe@ning.com,Male,220.167.226.5
5602218927657840,Charlotte,Dumbell,cdumbellpf@msu.edu,Female,133.181.123.164
6762103706415335303,Rube,Ivy,rivypg@w3.org,Male,98.226.138.16
560221316964968966,Roddy,Hulke,rhulkeph@altervista.org,Male,55.86.164.174
3545192601853857,Grannie,Vasilyev,gvasilyevpi@cam.ac.uk,Male,16.131.21.143
3540816176271039,Thorny,Hawkswood,thawkswoodpj@cyberchimps.com,Male,32.168.119.102
201500471950481,Ofelia,Vanyakin,ovanyakinpk@freewebs.com,Female,205.255.97.228
3529300268806494,Morley,Phizacklea,mphizackleapl@reverbnation.com,Male,78.49.191.75
4026585022749198,Carey,De Bruyne,cdebruynepm@tripadvisor.com,Male,33.122.188.137
5310966261911636,Frank,Rubanenko,frubanenkopn@moonfruit.com,Female,80.16.195.171
3547849611276340,Dominique,Harbinson,dharbinsonpo@state.tx.us,Male,18.129.16.9
3588919862379927,Torey,Salvatore,tsalvatorepp@vkontakte.ru,Female,120.213.97.158
3571472425879917,Floyd,Marsie,fmarsiepq@bbb.org,Male,35.56.134.232
670671399875173969,Dolf,Froome,dfroomepr@gov.uk,Male,254.14.93.34
3588409354137454,Che,Gossop,cgossopps@soundcloud.com,Male,254.69.1.24
3581462287467222,Hermina,Casella,hcasellapt@buzzfeed.com,Female,157.51.110.52
3568601200825142,Madison,Colten,mcoltenpu@ftc.gov,Male,218.150.170.245
3580189049816971,Guillema,Bleier,gbleierpv@odnoklassniki.ru,Female,67.148.106.125
3529442129386785,Dominick,Ludmann,dludmannpw@who.int,Male,143.154.235.126
3585991587859296,Nata,Provis,nprovispx@edublogs.org,Female,214.148.75.4
5602239211349721914,Crissie,Grigoroni,cgrigoronipy@msu.edu,Female,129.101.13.250
201613033452290,Kath,Broe,kbroepz@narod.ru,Female,92.20.189.31
3573114247855133,Berkie,Winsiowiecki,bwinsiowieckiq0@weibo.com,Male,113.11.247.102
3544260659406067,Alicea,Iffland,aifflandq1@apache.org,Female,130.159.122.42
63048372406395884,Delora,Torrecilla,dtorrecillaq2@icq.com,Female,231.170.86.241
3545738093082387,Ashby,Mishaw,amishawq3@example.com,Male,7.194.195.137
371678102668427,Estella,Vermer,evermerq4@youku.com,Female,152.210.74.233
3531135654517867,Darwin,Esche,descheq5@usatoday.com,Male,6.182.183.129
201427889840932,Isidro,Ballentime,iballentimeq6@so-net.ne.jp,Male,134.42.112.223
3542865143238710,Teddi,Strutz,tstrutzq7@wordpress.org,Female,124.219.166.43
3533927916303773,Dorene,Curdell,dcurdellq8@paypal.com,Female,170.197.78.204
36839378785025,Osgood,Boles,obolesq9@taobao.com,Male,106.123.77.253
201712437856112,Mayor,Cromleholme,mcromleholmeqa@mail.ru,Male,90.68.87.14
4041590665617919,Godart,Witherow,gwitherowqb@arizona.edu,Male,206.42.251.47
4405424539158241,Garrett,Benduhn,gbenduhnqc@bluehost.com,Male,250.239.133.119
374622282989085,Emanuele,Corpes,ecorpesqd@goodreads.com,Male,81.66.220.32
3560134837262511,Ninnetta,Harrad,nharradqe@pbs.org,Female,210.7.71.75
4190441828482412,Ado,Kellitt,akellittqf@yahoo.co.jp,Male,60.68.82.108
201987128782732,Reynolds,Ribey,rribeyqg@yale.edu,Male,90.217.101.189
3584020295299354,Bobby,Culleford,bcullefordqh@canalblog.com,Male,151.149.83.73
670600978671707629,Paquito,Stolz,pstolzqi@miibeian.gov.cn,Male,81.81.1.174
4611473735753834,Nil,Flowith,nflowithqj@unc.edu,Male,23.192.59.142
4917521148367252,Dionne,Roderham,droderhamqk@time.com,Female,59.220.62.216
3552425494378529,Aile,Isacq,aisacqql@amazonaws.com,Female,90.186.224.229
560222732994665589,Hamnet,Seville,hsevilleqm@va.gov,Male,30.164.224.36
67599235500895121,Cordi,Deighan,cdeighanqn@stumbleupon.com,Female,74.141.27.240
3529347679206368,Raul,Itzakovitz,ritzakovitzqo@taobao.com,Male,18.215.215.193
3577800696193762,Wendi,Lichfield,wlichfieldqp@liveinternet.ru,Female,88.133.68.252
30485072823609,Matty,Badcock,mbadcockqq@aboutads.info,Female,206.141.93.162
67632785047401170,Antoni,Scroyton,ascroytonqr@google.it,Male,150.21.148.197
337941427218937,Krispin,Jelphs,kjelphsqs@tripadvisor.com,Male,206.221.173.135
675917837494290816,Tootsie,Callar,tcallarqt@de.vu,Female,161.84.59.92
5602221854413252,Candra,Ricci,cricciqu@weather.com,Female,36.50.195.171
4508157543795998,Peyton,Shieldon,pshieldonqv@geocities.jp,Male,162.66.11.2
3567444054332241,Ivonne,Sushams,isushamsqw@multiply.com,Female,204.54.111.25
3559089153348364,Rosamond,Jeanequin,rjeanequinqx@zimbio.com,Female,178.136.45.175
201920054086711,Palmer,Barrow,pbarrowqy@paginegialle.it,Male,200.200.244.149
3571439759138558,Perceval,Kennedy,pkennedyqz@boston.com,Male,139.40.37.172
3574326421364745,Amory,Ortega,aortegar0@freewebs.com,Male,7.30.61.182
3537528391702236,Alano,Abramamovh,aabramamovhr1@yahoo.com,Male,241.165.116.141
5602247544586694,Lianne,Moakson,lmoaksonr2@homestead.com,Female,150.22.216.230
3588405978758139,Ursola,Reveland,urevelandr3@mlb.com,Female,106.160.33.90
3539568836253765,Rosie,Tyrone,rtyroner4@huffingtonpost.com,Female,85.181.83.208
6331104559744591,Cherilynn,Enterle,centerler5@example.com,Female,111.184.44.80
3541407180398262,Gerda,Hillock,ghillockr6@wordpress.org,Female,234.63.135.139
4041374116234651,Georgine,Mouncher,gmouncherr7@apple.com,Female,157.77.15.138
3533068549862693,Leanora,Hannen,lhannenr8@mail.ru,Female,91.75.203.7
3536298217419420,Diane-marie,Sweetsur,dsweetsurr9@uol.com.br,Female,12.111.112.86
6759122847007740204,Lenna,Gandrich,lgandrichra@mayoclinic.com,Female,240.130.62.130
30216991287174,Ware,Culshaw,wculshawrb@hexun.com,Male,2.95.28.166
5592277896449458,Teodoor,Meenan,tmeenanrc@usa.gov,Male,238.113.39.82
5048372013632761,Vidovic,Fowley,vfowleyrd@furl.net,Male,254.153.128.254
5602246392745287,Duane,Stainer,dstainerre@vistaprint.com,Male,133.27.153.95
63048796714114068,Lynette,Petrak,lpetrakrf@nydailynews.com,Female,152.216.167.174
3536705776332844,Ritchie,Klich,rklichrg@cam.ac.uk,Male,85.163.57.182
67095313183273871,Viviyan,Ivashkov,vivashkovrh@odnoklassniki.ru,Female,29.133.36.174
493637187642944394,Abbot,Kryszkiecicz,akryszkieciczri@mapy.cz,Male,233.97.145.133
5602221431880569,Wallache,Short,wshortrj@wikimedia.org,Male,231.18.54.113
6377578831364796,Lauryn,Mablestone,lmablestonerk@msu.edu,Female,210.252.220.173
3589271248427080,Hale,Gronw,hgronwrl@xinhuanet.com,Male,16.114.141.254
30393257103005,Bobbi,Scinelli,bscinellirm@paginegialle.it,Female,166.15.31.120
4041597215581420,Lebbie,MacDonogh,lmacdonoghrn@mozilla.com,Female,201.172.117.253
3545936713027119,Gaylord,Luck,gluckro@imgur.com,Male,81.76.8.206
5443073886009902,Leeanne,Schellig,lschelligrp@eventbrite.com,Female,34.94.96.176
3588849328083260,Ivory,Nelane,inelanerq@apple.com,Female,103.253.60.39
4026718385296172,Durand,Bugg,dbuggrr@google.fr,Male,62.211.254.135
